user_id,book_id,is_read,rating,is_reviewed
495,64482,1,4,0
495,38769,1,4,0
495,47621,1,5,0
495,47622,1,5,0
495,47624,1,5,0
495,2015,1,5,0
495,108296,1,4,0
495,1218,1,5,0
495,2013,1,5,0
495,108230,1,5,0
495,56913,1,4,0
495,108168,1,1,0
495,7909,1,3,0
495,13470,1,3,0
495,54944,1,3,0
495,941,1,5,0
495,28660,1,4,0
495,107928,1,4,0
495,1366,1,4,0
495,40372,1,3,0
512,16298,1,5,0
512,14318,1,4,0
512,1218,1,5,0
512,1123,1,3,0
512,39792,1,4,0
512,941,1,5,0
512,58944,1,4,0
512,759,1,3,0
512,12923,1,3,0
512,2368,1,4,0
512,47766,1,1,0
512,50621,1,4,0
512,19534,1,3,0
512,1504,1,5,1
512,82708,1,3,1
512,19430,1,5,0
512,27500,1,4,0
512,24968,1,4,0
512,50750,1,3,0
512,23791,1,4,0
512,37153,1,4,1
599,19534,1,5,0
599,125887,1,4,0
599,125886,1,4,0
599,38262,1,4,0
599,22421,1,4,0
599,125844,1,2,1
599,15672,1,4,0
599,125778,1,3,0
599,12169,1,4,1
599,12523,1,4,1
599,125620,1,3,1
599,23056,1,4,1
599,23054,1,3,1
599,125507,1,3,1
599,44128,1,4,0
599,11339,1,5,1
599,2934,1,3,1
599,23012,1,4,1
599,43730,1,3,1
599,10959,1,3,1
599,10617,1,4,1
599,43416,1,2,1
599,9439,1,4,1
599,43228,1,3,1
599,61044,1,3,1
599,15719,1,4,1
599,8812,1,4,1
599,124474,1,2,1
648,12969,1,2,0
648,941,1,5,0
648,17364,1,2,0
648,50811,1,4,0
648,22349,1,2,0
648,111595,1,4,0
648,1067,1,3,0
648,12923,1,2,0
648,22207,1,2,0
648,7909,1,2,0
648,1368,1,3,0
648,17275,1,2,0
648,18600,1,2,0
648,14948,1,2,0
648,66559,1,3,0
648,89053,1,2,0
648,26936,1,2,0
1460,39030,1,4,0
1460,14664,1,3,1
1460,77690,1,5,0
1460,759,1,5,0
1460,42528,1,3,0
1460,31862,1,4,0
1460,25673,1,4,1
1460,46487,1,1,0
1460,20059,1,5,0
1460,251121,1,4,1
1460,150549,1,4,1
1460,46484,1,3,0
1460,14684,1,4,0
1460,941,1,5,1
1460,42010,1,5,0
1460,142655,1,5,1
1464,428,1,4,0
1464,81662,1,4,0
1464,759,1,1,0
1464,1123,1,4,0
1464,77728,1,3,0
1464,871,1,4,0
1464,37328,1,3,1
1464,251780,1,4,0
1464,12923,1,1,0
1464,29397,1,2,0
1464,941,1,4,0
1464,423,1,5,0
1488,19534,1,3,0
1488,5131,1,3,0
1488,759,1,4,0
1488,218693,1,3,0
1488,1123,1,4,0
1488,6689,1,4,0
1488,2557,1,3,0
1488,61049,1,4,0
1488,9556,1,4,0
1488,941,1,5,0
1488,51606,1,4,0
1488,423,1,5,0
1488,8865,1,4,0
2483,14812,1,5,0
2483,20501,1,5,0
2483,12923,1,5,1
2483,282391,1,4,0
2483,324951,1,4,0
2483,74532,1,4,0
2483,68354,1,4,0
2483,17125,1,4,0
2483,1368,1,5,1
2483,16564,1,4,0
2483,28240,1,5,1
2483,77702,1,4,0
2483,17998,1,5,0
2483,12876,1,5,0
2483,83271,1,3,0
2483,132436,1,5,0
2483,42662,1,5,0
2483,8600,1,4,0
3199,17581,1,5,1
3199,163826,1,3,1
3199,66293,1,4,0
3199,39030,1,4,0
3199,34544,1,4,1
3199,423,1,3,0
3199,8703,1,4,0
3199,759,1,4,0
3199,1167,1,5,1
3199,1123,1,3,0
3199,406285,1,4,0
3199,14812,1,4,0
3199,406280,1,3,1
3199,14684,1,4,0
3199,21337,1,4,0
3199,406218,1,5,0
3199,13470,1,4,0
3199,1366,1,4,0
3199,190999,1,3,0
3199,72855,1,5,1
3199,72854,1,4,1
3341,413966,1,4,0
3341,14318,1,4,0
3341,16298,1,3,0
3341,941,1,5,0
3341,413965,1,4,0
3341,55218,1,4,0
3341,413963,1,4,0
3341,1123,1,1,0
3341,759,1,4,0
3341,1218,1,2,0
3341,428,1,4,0
3341,423,1,4,0
5926,22426,1,3,0
5926,14318,1,5,0
5926,16298,1,5,0
5926,22427,1,5,0
5926,759,1,3,0
5926,24711,1,3,0
5926,78393,1,4,0
5926,423,1,3,0
5926,48666,1,3,0
5926,586992,1,3,0
5926,77728,1,3,0
5926,105679,1,3,0
5926,22425,1,3,0
5926,21682,1,3,0
5926,1218,1,4,1
5926,51881,1,3,0
5926,105792,1,4,0
5926,428,1,4,0
5926,14812,1,4,0
5926,151242,1,4,0
6440,941,1,5,0
6440,1218,1,4,0
6440,759,1,3,0
6440,12969,1,5,0
6440,1123,1,3,0
6440,14948,1,4,0
6440,16298,1,4,0
6440,1167,1,4,0
6440,25946,1,5,0
6440,22427,1,5,0
6440,62573,1,4,0
6440,68513,1,4,0
6440,62101,1,4,0
6440,428,1,5,0
6440,14665,1,5,0
6440,1368,1,5,1
6440,2369,1,3,0
6440,72855,1,5,0
6440,176906,1,5,0
6480,219192,1,3,0
6480,1123,1,4,0
6480,941,1,4,0
6480,6956,1,5,0
6480,423,1,3,0
6480,22426,1,3,0
6480,6810,1,3,0
6480,428,1,4,0
6480,16298,1,3,0
6480,1067,1,2,0
6480,28240,1,4,0
6813,1218,1,3,0
6813,1123,1,4,0
6813,14817,1,3,0
6813,8703,1,4,0
6813,31862,1,3,0
6813,33539,1,4,0
6813,1368,1,4,0
6813,18261,1,5,0
6813,7909,1,4,0
6813,28425,1,4,0
6813,17364,1,4,0
7261,6956,1,5,0
7261,941,1,5,0
7261,48623,1,5,0
7261,871,1,5,0
7261,870,1,5,0
7261,5210,1,4,0
7261,1123,1,5,0
7261,759,1,5,0
7261,423,1,2,0
7261,22426,1,4,0
7261,1218,1,3,0
7261,428,1,4,0
7261,1067,1,3,0
7261,16298,1,4,0
7261,128236,1,3,0
7261,14064,1,4,0
7261,22425,1,3,0
7261,204980,1,4,0
7261,39030,1,4,0
7261,21682,1,3,0
7261,115268,1,4,0
7261,46484,1,4,0
7261,21337,1,3,0
7261,28424,1,5,0
7261,77507,1,4,0
7261,47622,1,3,0
7261,22613,1,2,0
7261,39031,1,5,0
7261,874,1,4,0
7261,14812,1,3,0
7261,91714,1,4,0
7261,22427,1,4,0
7261,158383,1,3,0
7261,16192,1,2,0
7261,25673,1,4,0
7261,28564,1,5,0
7261,151398,1,2,0
7261,77690,1,5,0
7261,145219,1,5,0
7261,18804,1,5,0
7261,176906,1,5,0
7261,41489,1,3,0
7261,21352,1,3,0
7261,24711,1,4,0
7261,61663,1,4,0
7261,66024,1,4,0
8029,941,1,5,0
8029,759,1,3,0
8029,1123,1,2,0
8029,870,1,2,0
8029,128236,1,2,0
8029,8172,1,4,0
8029,22425,1,5,0
8029,66172,1,4,0
8029,116594,1,3,0
8029,680003,1,4,0
8029,40199,1,4,0
8029,8703,1,4,0
8029,50811,1,4,0
8029,434313,1,4,0
8029,1368,1,5,0
8029,12923,1,4,0
8029,17275,1,5,0
8029,1366,1,5,0
8029,17998,1,4,0
8189,39030,1,5,0
8189,14665,1,3,0
8189,22427,1,4,0
8189,1218,1,4,0
8189,1167,1,4,0
8189,8703,1,4,0
8189,1123,1,3,0
8189,759,1,4,0
8189,46484,1,4,0
8189,14664,1,4,0
8189,41033,1,4,0
8189,22473,1,3,0
8189,941,1,4,0
8189,78352,1,3,0
8189,16298,1,3,0
8189,14812,1,3,0
8189,14684,1,4,0
8189,197084,1,3,0
8189,21337,1,4,0
8189,25673,1,4,0
8189,22426,1,3,0
8189,428,1,3,0
8189,14064,1,3,0
8189,39792,1,4,0
8189,17162,1,3,0
8189,24711,1,4,0
8189,31862,1,2,0
8189,21682,1,3,0
8189,25016,1,2,0
8189,1368,1,4,0
8189,13470,1,4,0
8189,26092,1,3,0
8189,100214,1,3,0
10582,239643,1,3,0
10582,14318,1,5,0
10582,24968,1,4,0
10582,25946,1,5,0
10582,108296,1,4,0
10582,4944,1,2,0
10582,18804,1,5,0
10582,408466,1,5,0
10582,19137,1,3,0
10582,5419,1,5,0
10582,75605,1,4,0
10582,5417,1,3,1
10582,5210,1,3,0
10582,105074,1,2,1
10582,5418,1,5,1
10582,3525,1,3,1
10582,2368,1,4,1
10582,5139,1,4,1
10582,1988,1,3,1
10582,1504,1,5,1
10582,2367,1,3,1
10582,19430,1,1,1
10644,21330,1,4,0
10644,27500,1,3,0
10644,13194,1,4,0
10644,514027,1,3,0
10644,8172,1,3,1
10644,14948,1,4,0
10644,159320,1,5,0
10644,1218,1,3,0
10644,60223,1,4,0
10644,60222,1,4,0
10644,51908,1,4,0
10644,68519,1,4,0
10644,143797,1,3,0
10644,657605,1,4,0
10644,77491,1,3,0
10644,181242,1,4,0
10644,783622,1,3,0
10644,22620,1,4,0
10644,59711,1,5,1
13746,18792,1,3,0
13746,5414,1,5,1
13746,5415,1,5,0
13746,85441,1,5,0
13746,91056,1,4,0
13746,545983,1,3,0
13746,83518,1,5,0
13746,941,1,4,0
13746,759,1,3,0
13746,105074,1,4,0
13746,77505,1,4,1
13746,14318,1,5,0
13746,882043,1,4,0
13746,882042,1,3,0
13746,437236,1,4,0
13746,75605,1,4,0
13746,12922,1,4,0
13746,12923,1,3,0
13746,13270,1,3,0
13746,2557,1,4,1
13746,3525,1,4,1
13746,14271,1,5,0
13746,2368,1,1,1
13746,5139,1,5,1
13746,221453,1,4,1
13746,52549,1,5,1
13746,2178,1,5,1
13746,56912,1,2,1
13746,2937,1,4,1
13746,37408,1,4,1
13746,1988,1,4,1
13746,19430,1,5,1
13746,1504,1,5,1
13746,50472,1,5,0
13746,22207,1,4,0
14324,941,1,4,1
14324,759,1,2,0
14324,391360,1,2,0
14324,21682,1,4,0
14324,14817,1,4,0
14324,30574,1,4,0
14324,1368,1,5,0
14324,39792,1,3,0
14324,18600,1,3,0
14324,1366,1,4,0
14324,86337,1,3,0
14324,7909,1,3,0
15081,59793,1,3,0
15081,916519,1,5,0
15081,1123,1,3,0
15081,386497,1,5,0
15081,68355,1,1,0
15081,28660,1,5,0
15081,916399,1,3,0
15081,273718,1,5,0
15081,21337,1,5,0
15081,28424,1,3,0
15081,40889,1,1,0
15081,423,1,5,0
15081,22426,1,5,0
15081,28662,1,5,0
15081,106047,1,3,0
15081,28666,1,4,0
15081,765654,1,4,0
15081,759,1,4,0
15081,428,1,5,0
15081,208682,1,3,0
15081,916018,1,3,0
15081,915997,1,5,0
15081,105792,1,3,0
15081,14064,1,4,0
15081,368498,1,1,0
15081,7903,1,5,0
15081,40372,1,4,0
15081,84265,1,4,0
15081,18804,1,3,0
15081,18803,1,2,0
16513,759,1,4,0
16513,25946,1,4,0
16513,17722,1,4,0
16513,2557,1,5,0
16513,188148,1,3,0
16513,188147,1,3,0
16513,19534,1,4,0
16513,40372,1,4,1
16513,8172,1,3,0
16513,8600,1,3,0
16513,37153,1,4,0
16513,2369,1,3,0
16513,57049,1,5,0
16951,12923,1,4,0
16951,25016,1,5,0
16951,321572,1,5,0
16951,14064,1,4,0
16951,48623,1,3,0
16951,75602,1,2,0
16951,941,1,4,0
16951,17364,1,3,0
16951,6956,1,4,0
16951,22207,1,5,0
16951,22208,1,4,0
16951,40372,1,3,0
16951,18603,1,5,0
17077,941,1,5,0
17077,16298,1,3,0
17077,14318,1,5,0
17077,34200,1,5,0
17077,59019,1,5,0
17077,12969,1,4,0
17077,423,1,3,0
17077,22426,1,5,0
17077,759,1,3,0
17077,22425,1,4,0
17077,13119,1,4,0
17077,21682,1,3,0
17077,113205,1,3,0
17077,4944,1,3,0
17077,39792,1,5,0
17077,428,1,5,0
17077,73073,1,5,0
17077,60720,1,5,0
17077,176906,1,5,0
17077,16570,1,4,0
17077,971986,1,5,1
17077,13470,1,3,0
17077,373913,1,3,0
17077,617073,1,4,0
17077,81048,1,3,0
17077,7909,1,2,0
17077,72855,1,5,0
17077,333521,1,3,0
17077,418054,1,5,0
17077,295655,1,4,0
17950,1218,1,5,0
17950,941,1,5,0
17950,8172,1,4,0
17950,14318,1,4,0
17950,62101,1,5,0
17950,759,1,3,0
17950,16298,1,4,0
17950,13119,1,3,0
17950,816828,1,2,0
17950,28822,1,4,0
17950,39792,1,4,0
17950,37408,1,3,0
17950,21339,1,2,0
17950,12923,1,5,0
17950,30065,1,2,0
18673,27500,1,5,0
18673,941,1,5,0
18673,60224,1,5,0
18673,60223,1,5,0
18673,60222,1,5,0
18673,19137,1,5,0
18673,91055,1,5,0
18673,12622,1,5,0
18673,6689,1,5,0
18673,3072,1,5,0
18673,2369,1,5,0
18673,1878,1,5,0
18673,10570,1,5,0
18673,1988,1,5,0
18673,39796,1,5,0
18673,1504,1,5,0
18673,23053,1,5,0
18673,57357,1,5,0
18673,2661,1,5,0
19445,27500,1,5,0
19445,58930,1,5,0
19445,6956,1,4,0
19445,14064,1,4,0
19445,60224,1,5,0
19445,68519,1,5,0
19445,26936,1,5,0
19445,55218,1,5,0
19445,50811,1,5,0
19445,242654,1,5,0
19445,45287,1,4,0
19445,6297,1,5,0
19445,27507,1,5,0
19445,91055,1,5,0
19445,58944,1,5,0
19445,412242,1,4,0
19445,41781,1,4,0
19445,2015,1,5,0
19445,2058,1,5,0
19445,2013,1,5,0
19445,6689,1,5,0
19445,2369,1,5,0
19445,1988,1,5,0
19445,60223,1,5,0
19445,60222,1,5,0
19445,60220,1,5,0
19445,21339,1,5,0
19445,110871,1,5,0
19747,1218,1,2,0
19747,8703,1,5,0
19747,941,1,5,0
19747,1167,1,3,0
19747,100214,1,1,0
19747,14812,1,4,0
19747,1367,1,3,0
19747,25673,1,4,1
21525,28669,1,2,0
21525,28668,1,1,0
21525,1123,1,1,0
21525,759,1,1,0
21525,22426,1,3,0
21525,941,1,5,0
21525,16298,1,4,0
21525,1167,1,3,0
21525,1072427,1,3,0
21525,1067,1,3,0
21525,59854,1,4,0
21525,146288,1,3,0
21525,1218,1,1,0
21525,1368,1,2,0
21525,25673,1,3,0
21525,68314,1,3,0
21525,64773,1,2,0
21525,40372,1,3,0
23056,17581,1,4,0
23056,941,1,5,0
23056,759,1,3,0
23056,14948,1,4,0
23056,1218,1,2,0
23056,39792,1,3,0
23056,423,1,2,0
23056,16298,1,3,0
23056,22426,1,3,0
23056,428,1,3,0
23056,22427,1,3,0
23056,24965,1,2,0
26633,5665,1,4,0
26633,12523,1,5,0
26633,12169,1,5,0
26633,41781,1,3,0
26633,111301,1,4,0
26633,23791,1,4,0
26633,10618,1,3,0
26633,100967,1,4,0
26633,96144,1,4,0
26633,139226,1,4,0
26633,941,1,5,0
26633,2933,1,4,0
26633,213753,1,2,0
26633,156532,1,2,0
26633,598196,1,4,0
26633,65515,1,4,0
26633,110960,1,3,0
26633,9752,1,5,0
26633,655570,1,4,0
26633,10579,1,5,0
26633,11339,1,4,0
26633,61049,1,4,0
26633,10456,1,3,0
26633,762825,1,4,0
26633,109597,1,4,0
26633,156530,1,3,0
26633,10570,1,4,0
26633,194739,1,3,0
26633,64481,1,4,0
26633,61044,1,3,0
27233,359407,1,5,0
27233,972389,1,2,0
27233,51605,1,2,0
27233,65512,1,2,0
27233,100967,1,2,0
27233,65557,1,2,0
27233,110871,1,5,0
27937,4944,1,1,0
27937,25946,1,3,0
27937,5415,1,4,0
27937,51881,1,4,0
27937,16298,1,3,0
27937,941,1,4,0
27937,14948,1,4,0
27937,1123,1,4,0
27937,61663,1,4,0
27937,759,1,3,0
27937,112212,1,5,0
27937,1988,1,5,0
27937,2557,1,3,0
27937,50811,1,4,0
27937,1504,1,5,1
27937,14318,1,3,0
27937,50621,1,5,0
27937,6689,1,1,0
27937,19137,1,4,0
28262,176474,1,5,0
28262,176473,1,5,0
28262,941,1,5,0
28262,24965,1,4,0
28262,14948,1,5,0
28262,12969,1,4,0
28262,831837,1,5,0
28262,170211,1,5,0
28262,39792,1,4,0
28262,24964,1,5,0
28262,21837,1,4,0
28262,21830,1,4,0
28930,1167,1,3,1
28930,331332,1,3,0
28930,1123,1,3,0
28930,16810,1,4,0
28930,870,1,1,0
28930,428,1,4,0
28930,759,1,3,0
28930,13765,1,3,0
28930,13764,1,3,0
28930,871,1,3,0
28930,81662,1,3,0
28930,423,1,3,0
28930,562532,1,3,0
28930,1067,1,3,0
29139,882043,1,3,0
29139,16618,1,4,0
29139,429890,1,4,0
29139,276466,1,3,0
29139,25016,1,3,0
29139,18803,1,4,0
29139,22421,1,3,0
29139,13270,1,3,0
29139,579228,1,4,1
29139,12923,1,3,0
29139,154471,1,5,0
29139,176561,1,3,0
29139,185117,1,4,0
29139,31910,1,2,0
29308,89053,1,4,0
29308,22307,1,5,0
29308,22344,1,4,0
29308,12969,1,4,0
29308,58944,1,4,0
29308,165908,1,3,0
29308,107611,1,4,0
29308,513967,1,2,0
29308,25016,1,3,0
29308,50811,1,4,0
29308,99072,1,3,0
29308,783622,1,3,0
29308,61974,1,3,0
29308,128236,1,2,0
29308,145219,1,3,0
29308,159320,1,4,0
29308,14233,1,2,0
29308,13113,1,1,0
29308,13872,1,3,0
29308,221271,1,3,0
29308,423,1,4,0
29308,16618,1,1,0
29308,29394,1,3,0
29308,22349,1,3,0
29470,19534,1,5,0
29470,941,1,3,0
29470,22426,1,3,0
29470,759,1,3,0
29470,38262,1,4,0
29470,5139,1,3,0
29470,2557,1,4,0
29470,1067,1,4,0
29470,19430,1,4,0
29470,37153,1,4,0
31446,42826,1,3,0
31446,14948,1,4,0
31446,25016,1,3,0
31446,60223,1,3,0
31446,14684,1,4,0
31446,33999,1,2,0
31446,37328,1,4,0
31446,107928,1,3,0
31446,76844,1,4,0
31446,1218,1,2,0
31446,187040,1,3,0
31446,941,1,4,0
31446,1013443,1,4,0
31446,60224,1,3,0
31446,60222,1,3,0
31446,1239645,1,4,1
31446,60220,1,3,0
31446,816055,1,4,0
31446,18261,1,2,1
31446,25946,1,3,1
31446,832778,1,5,1
31446,1368,1,4,0
31446,17364,1,4,1
31446,22425,1,4,0
31446,8703,1,4,1
32120,1218,1,5,0
32120,5738,1,5,0
32120,42528,1,4,0
32120,1123,1,2,0
32120,14812,1,3,0
32120,941,1,3,0
32120,47621,1,4,0
32120,951909,1,3,0
32120,111002,1,4,0
32120,111000,1,4,0
32323,941,1,5,0
32323,759,1,4,0
32323,14684,1,5,0
32323,14318,1,5,0
32323,16298,1,5,0
32323,18803,1,5,0
32323,1167,1,5,0
32323,19137,1,2,0
32323,25946,1,5,1
32323,8172,1,4,0
32323,1368,1,4,1
33334,941,1,4,0
33334,1218,1,1,0
33334,759,1,3,0
33334,48666,1,1,1
33334,17845,1,4,0
33334,22473,1,4,1
33334,64482,1,4,0
33334,105712,1,4,1
33334,20501,1,4,1
33334,353732,1,3,0
33334,18804,1,5,1
33334,320030,1,4,1
33334,1167,1,4,1
33334,77505,1,4,1
33334,6810,1,4,1
33334,6956,1,4,0
33334,333323,1,5,1
33334,25016,1,4,1
33334,176228,1,3,1
33334,176906,1,4,0
33334,12923,1,4,1
33334,19534,1,3,1
33334,831035,1,3,1
33334,73073,1,4,1
33334,25946,1,4,1
33334,333918,1,4,1
33334,13470,1,3,1
33334,1368,1,4,1
33334,81048,1,3,1
33334,8172,1,3,0
33334,30065,1,4,1
33334,54222,1,3,1
33334,81014,1,4,0
33334,57049,1,4,1
36155,941,1,5,0
36155,81814,1,4,1
36155,13470,1,5,0
36155,176479,1,2,0
36155,81662,1,4,0
36155,333325,1,5,0
36155,1067,1,5,0
36155,25946,1,5,0
36155,1368,1,5,0
36155,1366,1,5,0
36155,72854,1,4,0
36155,18804,1,4,0
36155,26092,1,5,1
36155,80841,1,4,0
37410,16298,1,4,1
37410,423,1,2,0
37410,941,1,5,0
37410,24964,1,4,0
37410,6689,1,5,0
37410,5665,1,5,0
37410,1218,1,1,0
37410,66172,1,4,1
37410,759,1,1,0
37410,2661,1,4,0
37410,10570,1,5,0
37410,61049,1,4,0
37410,104159,1,1,1
37410,9752,1,4,0
37410,10034,1,3,0
37410,9438,1,3,0
37410,61043,1,4,1
37410,8492,1,2,1
37737,182744,1,5,0
37737,5665,1,5,0
37737,139226,1,5,0
37737,166560,1,4,0
37737,12328,1,5,0
37737,23792,1,5,0
37737,23404,1,5,0
37737,10570,1,5,0
37737,22463,1,5,0
37737,9752,1,5,0
37737,8706,1,5,0
37737,103802,1,5,0
38146,941,1,5,0
38146,1123,1,4,0
38146,1167,1,5,0
38146,21337,1,4,0
38146,17722,1,4,0
38146,31862,1,3,0
38146,17125,1,4,0
38146,324951,1,5,0
38146,759,1,5,0
38146,8703,1,3,0
38146,428,1,4,0
38146,22426,1,3,0
38146,21682,1,4,0
38146,16298,1,3,0
38146,22427,1,4,0
38146,14812,1,5,0
38146,1327,1,3,0
38146,39792,1,4,0
38146,180,1,4,0
38146,25946,1,5,0
38146,1368,1,4,0
38146,18261,1,3,0
38146,14318,1,4,0
38146,103,1,3,0
38580,941,1,5,0
38580,759,1,3,0
38580,14318,1,5,0
38580,1123,1,2,0
38580,21337,1,4,0
38580,50811,1,3,0
39739,759,1,2,0
39739,871,1,3,0
39739,874,1,3,0
39739,872,1,3,0
39739,941,1,5,0
39739,5415,1,3,0
39739,6810,1,2,1
39739,14455,1,3,0
39739,351402,1,2,0
39739,15195,1,5,0
39739,1368,1,4,1
39739,1067,1,4,1
39739,94063,1,3,1
39739,28240,1,4,1
39739,19430,1,3,0
39739,1504,1,5,1
39739,17998,1,4,0
39739,2557,1,2,0
40093,941,1,5,0
40093,16298,1,4,0
40093,759,1,3,0
40093,22463,1,4,0
40093,22460,1,4,0
40093,22461,1,4,0
40093,21682,1,4,0
40093,47622,1,4,0
40093,5415,1,1,0
40093,47180,1,4,0
40093,47626,1,3,0
40093,22427,1,4,0
40093,47624,1,4,0
40093,21681,1,4,0
40093,1067,1,5,0
40093,80311,1,3,0
40093,13470,1,4,0
40093,1366,1,4,0
40544,941,1,5,0
40544,22463,1,5,0
40544,22461,1,5,0
40544,22460,1,5,0
40544,467992,1,3,0
40544,16298,1,4,0
40544,14817,1,4,1
40544,759,1,3,0
40544,108068,1,4,0
40544,14812,1,1,1
40544,7909,1,3,0
40544,1368,1,3,0
40544,1366,1,3,0
40544,18261,1,4,0
40544,37153,1,3,0
40544,8600,1,4,0
40544,40372,1,2,0
40544,2015,1,4,0
40740,33999,1,4,1
40740,1218,1,1,0
40740,423,1,2,0
40740,941,1,5,0
40740,1167,1,3,0
40740,17364,1,5,0
40740,420,1,4,1
40740,8703,1,4,0
40740,39792,1,5,0
40740,12923,1,4,0
40740,1123,1,5,0
40740,759,1,3,0
40740,22426,1,3,0
40740,17722,1,5,0
40740,8172,1,3,1
40740,18261,1,4,0
40740,13470,1,5,1
40740,105251,1,4,0
40755,48666,1,3,0
40755,1218,1,4,0
40755,39792,1,5,0
40755,16570,1,4,0
40755,16298,1,3,0
40755,14318,1,4,0
40755,17998,1,4,0
40755,22473,1,4,0
40755,941,1,5,0
40755,682673,1,4,0
40755,106546,1,3,0
40755,1366,1,4,0
40755,8600,1,2,0
40897,22426,1,5,0
40897,1123,1,4,0
40897,759,1,5,0
40897,423,1,5,0
40897,428,1,5,0
40897,941,1,5,0
40897,22425,1,5,0
40897,41489,1,4,0
40897,7672,1,4,0
40897,65497,1,4,0
40897,77604,1,4,0
41321,13912,1,4,0
41321,15196,1,3,0
41321,68519,1,4,0
41321,143469,1,5,0
41321,143467,1,5,0
41321,14318,1,5,0
41321,12923,1,3,1
41321,759,1,2,0
41321,12969,1,4,1
41321,23792,1,3,1
41321,16298,1,4,0
41321,93315,1,5,1
41321,23791,1,4,1
41321,2557,1,3,1
41321,2368,1,4,1
41321,285672,1,1,1
41321,196361,1,2,1
41321,162089,1,1,1
41321,37153,1,4,1
41321,78234,1,3,1
41741,941,1,4,0
41741,21682,1,3,0
41741,4944,1,4,0
41741,823592,1,3,0
41741,75605,1,2,0
41741,1218,1,3,0
41741,16570,1,4,0
41741,18261,1,4,0
41741,12923,1,4,0
41741,24965,1,3,0
41741,105077,1,5,0
41741,1368,1,4,0
41741,1366,1,2,0
41741,707599,1,3,0
42709,12923,1,1,1
42709,82318,1,5,1
42709,444374,1,4,1
42709,178300,1,5,0
42709,176884,1,4,0
42709,73073,1,5,1
42709,73074,1,4,0
42709,941,1,5,0
42709,428,1,3,0
42709,176228,1,4,1
42709,17581,1,5,1
42709,1366,1,3,0
42709,81048,1,4,1
42775,18803,1,4,0
42775,127639,1,5,0
42775,70956,1,5,0
42775,18804,1,3,0
42775,128073,1,3,0
42775,46484,1,3,0
42775,77491,1,4,0
42775,64732,1,3,0
42775,1380394,1,5,0
42775,423,1,4,0
42775,181242,1,5,0
42775,8172,1,4,0
42775,14064,1,3,0
42775,320813,1,4,0
42775,143797,1,3,0
42775,131106,1,3,0
42775,21330,1,3,0
42775,127175,1,3,0
42775,127637,1,4,0
42775,126980,1,3,0
42775,561124,1,3,0
42775,385040,1,3,0
42775,185117,1,3,0
42775,127672,1,4,0
42775,189182,1,3,0
42775,190523,1,3,0
42775,346282,1,4,0
42775,189938,1,3,0
42775,188184,1,3,0
43036,27500,1,3,0
43036,22349,1,4,0
43036,12969,1,5,0
43036,12923,1,4,0
43036,759,1,4,0
43036,423,1,4,0
43036,1218,1,5,0
43036,101021,1,4,0
43036,58944,1,5,0
43036,89053,1,4,0
43036,941,1,4,0
43036,62101,1,3,0
43036,14233,1,3,0
43036,24968,1,5,0
43036,13146,1,2,0
43036,60223,1,3,0
43036,61926,1,4,0
43036,42826,1,2,0
43036,870,1,3,0
43036,871,1,3,0
43036,13119,1,3,0
43036,17275,1,4,0
43036,47629,1,4,0
43036,50722,1,5,0
43036,51106,1,3,0
43036,958493,1,3,0
43104,941,1,5,1
43104,14318,1,5,1
43104,1123,1,1,0
43104,870,1,3,0
43104,871,1,3,0
43104,445700,1,4,0
43104,13146,1,3,0
43104,759,1,3,0
43104,12969,1,3,0
43104,68513,1,3,0
43104,22473,1,3,0
43104,451010,1,3,0
43104,58973,1,3,1
43104,467992,1,2,1
43104,8172,1,4,1
43104,77505,1,3,1
43104,72854,1,3,0
43104,65471,1,4,0
45114,14064,1,5,0
45114,6956,1,3,0
45114,759,1,2,0
45114,941,1,4,0
45114,23056,1,3,0
45114,75605,1,3,0
45114,5893,1,4,0
45114,5139,1,5,0
45114,6689,1,5,1
45114,19137,1,4,0
45114,22774,1,3,0
45114,5891,1,3,0
45207,13912,1,4,0
45207,58973,1,2,0
45207,870,1,3,0
45207,39792,1,4,0
45207,12969,1,4,0
45207,13119,1,4,0
45207,871,1,2,0
45207,13764,1,4,0
45207,59019,1,3,0
45207,89053,1,4,0
45207,248879,1,4,0
45207,78393,1,4,0
45207,42826,1,2,0
45207,1123,1,3,0
45207,423,1,3,0
45207,428,1,3,0
45207,22426,1,4,0
45207,58976,1,4,0
45207,61974,1,4,0
45207,759,1,3,0
45207,94721,1,3,0
45207,82818,1,4,0
45791,36253,1,4,0
45791,1218,1,4,0
45791,56913,1,2,0
45791,1123,1,5,0
45791,16298,1,4,0
45791,759,1,4,0
45791,14817,1,3,0
45791,941,1,5,0
45791,2015,1,4,0
45791,54944,1,5,0
45791,47622,1,4,0
45791,2013,1,3,0
45791,39792,1,3,0
45791,8172,1,3,0
45791,23791,1,4,0
45791,9517,1,1,0
46366,129779,1,4,0
46366,15678,1,3,0
46366,511392,1,3,0
46366,58944,1,3,0
46366,1123,1,5,0
46366,16298,1,4,0
46366,51606,1,4,0
46366,105251,1,3,0
46366,68519,1,5,0
46366,941,1,5,0
46366,68318,1,5,0
46366,12876,1,4,0
47406,221785,1,4,0
47406,872,1,3,0
47406,218747,1,3,0
47406,759,1,4,0
47406,96986,1,2,0
47406,66559,1,3,0
47406,33538,1,4,0
47406,18261,1,4,0
47406,34191,1,3,0
47406,107020,1,2,0
47406,47621,1,3,0
47406,1366,1,5,1
47406,1123,1,5,0
47406,176561,1,1,0
47406,14665,1,3,0
47406,17364,1,4,0
47406,18600,1,4,0
51405,423,1,5,0
51405,428,1,5,0
51405,28668,1,4,0
51405,759,1,4,0
51405,22425,1,5,0
51405,22427,1,5,0
51405,16298,1,5,0
51405,25711,1,5,0
51405,941,1,4,0
51405,1368,1,5,0
51405,1366,1,4,0
51405,147393,1,4,0
51405,88867,1,4,0
51405,24965,1,4,0
51405,21682,1,5,0
51405,8600,1,5,0
51405,130839,1,5,0
51405,1123,1,3,0
53509,759,1,5,0
53509,107456,1,4,0
53509,21330,1,4,0
53509,12969,1,4,0
53509,61661,1,3,0
53509,12923,1,4,0
53509,17275,1,5,0
53509,89053,1,5,0
53509,6956,1,3,0
53509,14233,1,4,0
53509,17365,1,3,0
53509,29394,1,3,0
53509,42002,1,5,0
53509,413965,1,4,0
53916,759,1,5,0
53916,2933,1,4,0
53916,12328,1,4,0
53916,12321,1,4,1
53916,11291,1,5,1
53916,2934,1,4,0
53916,23012,1,4,0
53916,9752,1,4,0
53916,10579,1,5,0
53916,113002,1,4,0
53916,151686,1,4,0
53916,110960,1,4,0
53916,90337,1,3,0
53916,15719,1,4,0
53916,9073,1,3,0
55240,872,1,3,0
55240,1123,1,5,0
55240,871,1,3,0
55240,870,1,3,0
55240,874,1,3,0
55240,759,1,3,0
55240,941,1,4,0
55240,1218,1,3,0
55240,7909,1,2,0
55650,12622,1,4,0
55650,104159,1,3,0
55650,10618,1,4,0
55650,10570,1,4,0
55650,61049,1,4,0
55650,10417,1,4,0
55650,9553,1,4,0
55650,61043,1,4,1
55650,941,1,4,0
56065,759,1,5,0
56065,147842,1,3,0
56065,277841,1,3,0
56065,100731,1,4,0
56065,22426,1,3,0
56065,24711,1,5,0
56065,18261,1,5,1
56065,22613,1,3,0
56065,77690,1,5,0
56065,170211,1,5,0
56065,16298,1,3,0
56065,22427,1,4,0
56065,375369,1,5,0
56065,148905,1,5,0
56065,1218,1,3,0
56065,48666,1,4,0
56065,130839,1,5,0
56065,60720,1,3,0
56065,6293,1,5,0
56065,4530,1,5,0
56065,154471,1,5,0
56065,1015033,1,3,0
56065,276466,1,4,0
56065,21681,1,3,0
56065,5414,1,3,0
56065,47241,1,5,0
56065,1267946,1,5,0
56065,423,1,3,0
56065,210297,1,3,0
56065,177456,1,3,0
56065,424015,1,3,0
56065,424014,1,3,0
56065,424012,1,3,0
56065,488923,1,3,0
56065,920964,1,3,0
56065,14948,1,3,0
56065,105679,1,5,0
56065,77728,1,5,0
56065,857449,1,3,0
56065,1107030,1,5,0
56065,997291,1,4,0
56065,1252234,1,4,0
56065,333523,1,4,0
56065,1295735,1,3,0
56065,1504001,1,5,0
56065,431641,1,4,0
56065,1198617,1,3,0
56065,373112,1,3,0
56065,1179352,1,5,0
56065,586992,1,3,0
56065,1179350,1,5,0
56065,176908,1,3,0
56065,333984,1,4,0
56065,79521,1,3,0
56065,1503618,1,2,0
56065,199156,1,5,0
56065,73074,1,5,0
56065,75576,1,4,0
56065,178300,1,3,0
56065,293137,1,2,0
56065,597642,1,4,0
56065,294423,1,3,0
56065,1203769,1,2,0
56065,28240,1,4,0
56065,33052,1,4,0
56065,748333,1,5,0
56513,941,1,3,0
56513,100967,1,5,0
56513,23791,1,5,0
56513,2933,1,3,0
56513,61049,1,5,1
56513,10417,1,4,1
56513,12523,1,4,1
56513,113002,1,5,0
56513,139221,1,3,0
56513,9752,1,5,1
56513,8865,1,5,1
56513,401471,1,5,0
57288,1218,1,3,0
57288,28664,1,5,0
57288,17125,1,4,0
57288,17722,1,4,0
57288,6956,1,2,0
57288,28668,1,1,0
57288,759,1,3,0
57288,14064,1,3,0
57288,21682,1,4,0
57288,872,1,1,0
57288,871,1,1,0
57288,870,1,1,0
57288,28660,1,3,0
57288,219192,1,3,0
57288,874,1,2,0
57288,16810,1,5,0
57288,14665,1,4,0
57288,13113,1,4,0
57288,91714,1,5,0
57288,39031,1,4,0
57288,1368,1,4,0
57288,8703,1,5,0
57288,40929,1,4,0
57288,91715,1,4,0
57288,14664,1,4,0
58917,99072,1,3,0
58917,17125,1,1,0
58917,15196,1,1,0
58917,871,1,2,0
58917,14318,1,3,1
58917,49836,1,3,0
58917,16298,1,3,0
58917,159056,1,2,0
58917,25946,1,3,0
58917,169427,1,4,0
58917,17722,1,5,1
58917,50811,1,2,0
58917,5415,1,3,0
58917,17581,1,3,0
58917,13270,1,5,0
58917,14812,1,2,0
58917,16570,1,2,0
58917,932408,1,3,0
58917,23791,1,3,0
58917,66172,1,3,0
58917,58944,1,5,0
58917,68355,1,5,0
58917,54270,1,4,0
58917,22473,1,3,0
58917,290435,1,3,0
59967,1218,1,4,0
59967,759,1,2,0
59967,1123,1,4,1
59967,39792,1,4,0
59967,490472,1,3,0
59967,941,1,3,0
59967,16298,1,4,0
59967,423,1,3,0
59967,22426,1,3,1
59967,14684,1,3,1
59967,14812,1,4,1
59967,14665,1,3,1
59967,1368,1,4,1
59967,14664,1,3,0
59967,1366,1,3,1
60807,61661,1,5,0
60807,872,1,5,0
60807,1123,1,4,0
60807,941,1,3,0
60807,29478,1,5,0
60807,1218,1,4,0
60807,6956,1,5,0
60807,871,1,5,0
60807,874,1,5,0
60807,759,1,5,0
60807,13119,1,4,0
60807,162902,1,4,0
60807,428,1,3,0
60807,61663,1,4,0
60807,423,1,3,0
60807,1368,1,5,1
60807,22426,1,4,0
61178,1123,1,3,0
61178,759,1,4,0
61178,25946,1,2,0
61178,423,1,4,0
61178,1218,1,2,0
61178,22425,1,4,0
61178,5738,1,3,0
61178,66172,1,3,0
61178,941,1,3,0
61178,99284,1,3,0
61178,96986,1,4,0
61178,47626,1,4,0
61178,39792,1,3,0
61178,511527,1,3,0
61178,31862,1,3,0
61178,59854,1,4,0
61178,21682,1,3,0
61178,9556,1,4,0
61178,23012,1,4,0
61178,160469,1,4,0
61178,1368,1,4,0
61178,1067,1,4,0
61178,7672,1,4,1
61178,22473,1,4,0
61178,8492,1,4,0
62478,14318,1,4,0
62478,16298,1,2,0
62478,1123,1,5,0
62478,759,1,3,0
62478,253854,1,5,0
62478,941,1,5,0
62478,1368,1,5,0
62478,40372,1,4,0
62478,2369,1,5,0
62478,19137,1,2,0
64250,22425,1,4,0
64250,12969,1,4,0
64250,759,1,4,0
64250,1123,1,4,0
64250,941,1,5,0
64250,410415,1,3,0
64250,28669,1,4,0
64250,871,1,2,0
64250,870,1,2,0
64250,14318,1,4,0
64250,94803,1,2,0
64250,22426,1,3,0
64250,50937,1,4,0
64250,17722,1,3,0
64250,14233,1,3,0
64250,94721,1,3,0
64553,941,1,5,0
64553,1123,1,3,0
64553,14817,1,1,1
64553,430684,1,3,0
64553,759,1,4,0
64553,1067,1,2,0
64553,1368,1,5,0
64553,18261,1,4,0
64553,54220,1,3,0
65807,110015,1,4,0
65807,14318,1,4,0
65807,60224,1,5,1
65807,242654,1,3,1
65807,26936,1,4,1
65807,60222,1,5,0
65807,17275,1,4,1
65807,125628,1,5,1
65807,58944,1,4,1
65807,60220,1,4,1
65807,44446,1,4,1
65807,64481,1,4,1
65807,636778,1,4,1
65807,50722,1,5,1
67102,941,1,5,0
67102,759,1,4,0
67102,16298,1,4,0
67102,13630,1,3,0
67102,22426,1,3,0
67102,50937,1,2,0
67102,14318,1,5,0
67102,68311,1,3,0
67102,28668,1,5,0
67102,28664,1,2,0
67102,25946,1,2,0
67102,77690,1,5,0
67102,21682,1,3,0
67102,64416,1,4,0
67102,13470,1,4,0
67102,72855,1,3,0
67102,1504,1,2,1
67102,332270,1,3,0
67102,18804,1,3,0
67102,40372,1,4,0
67102,22427,1,3,0
67496,941,1,5,1
67496,44883,1,4,0
67496,44881,1,2,0
67496,64482,1,3,0
67496,110015,1,3,0
67496,831035,1,3,0
67496,73073,1,4,0
67496,23791,1,3,0
67496,333918,1,4,0
67496,1198617,1,3,0
67496,1198936,1,2,0
67496,176228,1,3,0
67496,1123,1,1,0
67496,759,1,3,0
67496,386333,1,4,0
67496,523067,1,3,0
67496,13470,1,5,0
67496,535765,1,2,0
67496,65471,1,4,0
67496,373913,1,3,0
67496,17364,1,3,0
67496,71247,1,3,0
67496,81014,1,3,0
67496,939992,1,4,0
67496,72854,1,3,0
67496,72457,1,3,0
67496,333521,1,4,0
67496,2557,1,3,0
67496,5139,1,4,0
67496,37408,1,4,0
67496,80841,1,3,0
67496,552058,1,3,0
67496,332854,1,2,0
67496,37153,1,4,0
67496,72453,1,4,0
67496,519727,1,3,0
67496,10570,1,3,0
67776,941,1,4,0
67776,6810,1,3,0
67776,14271,1,4,0
67776,22426,1,5,0
67776,16298,1,3,0
67776,22461,1,2,0
67776,4944,1,1,0
67776,147802,1,2,0
67776,759,1,3,0
67776,14318,1,3,0
67776,310276,1,3,0
67776,1366956,1,4,0
67776,6057,1,4,0
67776,1368,1,2,0
67776,1504,1,4,0
68806,14684,1,3,0
68806,941,1,4,0
68806,16298,1,5,0
68806,5415,1,4,0
68806,5414,1,3,0
68806,25946,1,4,0
68806,12923,1,3,0
68806,13270,1,3,0
68806,105074,1,5,0
68806,77728,1,3,0
68806,423,1,2,0
68806,22427,1,5,0
68806,759,1,4,0
68806,239644,1,2,0
68806,1123,1,3,0
68806,68515,1,2,0
68806,22426,1,1,0
68806,333325,1,2,0
68806,13470,1,4,0
68806,62391,1,2,0
68806,48666,1,1,0
68806,75495,1,1,0
68806,8172,1,4,0
68806,1504,1,5,0
68806,77690,1,3,0
68806,52549,1,4,0
68806,30065,1,3,0
68806,1366,1,3,0
68806,19137,1,3,0
68806,36253,1,3,0
70006,22426,1,3,0
70006,759,1,3,0
70006,16298,1,4,0
70006,428,1,2,0
70006,48666,1,3,0
70006,91714,1,3,0
70006,14948,1,4,0
70006,941,1,5,0
70006,102772,1,2,0
70006,341489,1,2,0
70006,18261,1,4,0
70006,21352,1,5,1
70006,1368,1,5,1
70006,18128,1,5,1
70006,1504,1,4,1
70006,2557,1,3,1
70006,158385,1,2,1
70006,21339,1,3,1
70006,181667,1,5,0
70043,1218,1,4,0
70043,14948,1,3,0
70043,941,1,2,0
70043,16298,1,3,0
70043,428,1,3,0
70043,107456,1,3,0
70043,39792,1,4,0
70043,6810,1,3,0
70043,12876,1,3,0
70043,18804,1,3,0
70043,310276,1,5,0
71024,19137,1,4,1
71024,14948,1,3,1
71024,5415,1,4,1
71024,112472,1,4,1
71024,941,1,4,1
71024,176474,1,3,1
71024,176473,1,3,1
71024,22461,1,1,1
71024,94721,1,1,1
71024,25946,1,5,1
71024,5414,1,3,1
71024,108296,1,3,1
71024,22463,1,1,1
71024,22460,1,1,1
71024,1218,1,5,1
71024,54222,1,3,1
71577,85574,1,5,0
71577,60229,1,5,0
71577,13878,1,5,0
71577,466223,1,3,0
71577,18803,1,3,0
71577,8172,1,5,0
71577,1123,1,2,0
71577,30065,1,5,0
71577,68355,1,4,0
71577,185117,1,5,0
71577,165134,1,5,0
71577,1162710,1,3,0
71577,67037,1,1,1
71577,941,1,5,0
72397,941,1,4,0
72397,1218,1,3,0
72397,18803,1,4,0
72397,25946,1,4,0
72397,18804,1,5,0
72397,60720,1,4,0
72397,14318,1,4,0
72397,59019,1,3,0
72397,14948,1,3,0
72397,16298,1,4,0
72397,5415,1,3,0
72397,38263,1,3,0
72397,21682,1,3,0
72397,22425,1,3,0
72397,77690,1,5,0
72397,759,1,3,0
72397,58350,1,3,0
72397,321572,1,4,0
72397,22426,1,3,0
72397,22427,1,3,0
72397,38769,1,3,0
72397,39792,1,4,0
72397,176906,1,3,0
72397,68513,1,3,0
72397,13470,1,2,0
72397,2368,1,3,0
72397,175246,1,2,1
72397,524792,1,3,1
72397,1504,1,4,0
72397,72855,1,4,0
72397,1366,1,4,0
72397,1267849,1,3,1
72397,190999,1,4,0
72397,30065,1,2,1
72397,185117,1,4,0
72397,2557,1,3,0
72397,26023,1,2,1
72397,497810,1,3,1
72397,64229,1,3,0
75614,941,1,5,0
75614,759,1,4,0
75614,62101,1,5,0
75614,16570,1,3,0
75614,39792,1,3,0
75614,423,1,3,0
75614,61926,1,4,0
75614,12923,1,2,0
75614,12969,1,4,0
75614,22427,1,4,0
75614,40260,1,3,0
75614,22426,1,5,0
75614,870,1,3,0
75614,17365,1,4,0
75614,210783,1,3,0
75614,50811,1,3,0
75614,321572,1,5,0
75614,42002,1,5,0
75614,428,1,3,0
75614,14318,1,2,0
75614,139373,1,3,0
75614,51106,1,3,0
77273,941,1,5,0
77273,17364,1,5,0
77273,871,1,3,0
77273,5738,1,3,0
77273,48623,1,2,0
77273,22425,1,3,0
77273,82818,1,4,0
77273,22426,1,5,0
81729,12328,1,3,0
81729,12622,1,5,0
81729,10618,1,5,0
81729,95670,1,4,0
81729,104159,1,5,0
81729,23404,1,5,0
81729,9752,1,5,0
81729,53179,1,4,0
81729,5665,1,5,0
81729,784726,1,5,0
81729,271276,1,4,0
81729,100967,1,2,0
81729,10417,1,5,0
81729,10570,1,5,0
81729,61049,1,5,0
81729,95433,1,4,0
81729,95432,1,5,0
81745,14817,1,3,0
81745,61522,1,3,0
81745,759,1,5,0
81745,47180,1,3,0
81745,47622,1,3,0
81745,25711,1,3,0
81745,129114,1,3,0
81745,1366,1,4,0
81745,12523,1,2,0
81745,71235,1,2,0
84769,941,1,5,0
84769,25016,1,4,0
84769,13119,1,3,0
84769,68519,1,3,0
84769,60223,1,3,0
84769,50811,1,4,0
84769,27500,1,4,0
84769,91055,1,4,0
84769,182745,1,3,0
84769,22774,1,3,0
84769,26936,1,3,0
84769,162085,1,3,0
84769,60224,1,3,0
84769,2971,1,4,0
84769,60222,1,3,0
84769,116592,1,3,0
84769,116594,1,3,0
84769,17364,1,3,0
84769,54276,1,3,0
84769,58944,1,4,0
84769,6297,1,3,0
84769,6810,1,3,0
84769,6057,1,3,0
84769,47622,1,3,0
84769,60220,1,3,0
84769,47624,1,3,0
84769,47621,1,3,0
84769,47626,1,2,0
84769,61049,1,3,0
84769,7909,1,3,0
84769,175141,1,3,0
84769,41781,1,3,0
84769,526627,1,2,0
84769,108626,1,3,0
84769,44883,1,3,0
84769,44881,1,3,0
84769,110871,1,2,0
84769,61044,1,2,0
85452,759,1,5,0
85452,1123,1,5,0
85452,1218,1,5,0
85452,12923,1,3,0
85452,423,1,4,0
85452,941,1,5,0
85452,39792,1,5,0
85452,428,1,4,0
85452,16298,1,4,0
85452,1067,1,4,0
85452,1366,1,5,0
85452,8172,1,4,0
85452,77505,1,3,0
85452,59854,1,5,0
87096,49552,1,3,0
87096,1123,1,4,0
87096,21337,1,3,0
87096,759,1,4,0
87096,13270,1,4,0
87096,290511,1,3,0
87096,28566,1,4,0
87096,57966,1,4,0
87096,290512,1,4,0
87096,1167,1,3,0
87096,680782,1,4,0
87096,593077,1,4,0
87096,28568,1,3,0
87096,38835,1,3,0
87096,827522,1,3,0
87096,14812,1,4,0
87096,801560,1,4,0
87096,144208,1,4,0
87096,342984,1,2,0
87096,1250049,1,3,0
87096,1565754,1,3,0
87096,17581,1,3,0
87096,941,1,3,0
87096,24478,1,3,0
87096,66172,1,4,0
87096,260996,1,3,0
87096,67085,1,4,0
87096,14664,1,4,0
87096,349675,1,4,0
87096,22426,1,1,0
87096,28825,1,4,0
87096,36253,1,4,0
87096,71870,1,4,0
87096,623400,1,4,0
87096,91950,1,4,0
87096,14665,1,4,0
87096,133825,1,4,0
87096,17722,1,4,0
87096,13194,1,4,0
87096,18226,1,4,0
87096,23932,1,4,0
87096,183220,1,4,0
88572,14064,1,3,0
88572,6956,1,3,0
88572,39792,1,3,1
88572,139373,1,3,0
88572,428,1,4,0
88572,21682,1,2,0
88572,22426,1,3,0
88572,40260,1,3,0
88572,147802,1,2,0
88572,1123,1,3,0
88572,22425,1,4,0
88572,293137,1,3,0
88572,1218,1,4,0
88572,94063,1,5,0
88572,1067,1,4,0
88693,22426,1,3,0
88693,1123,1,5,0
88693,16298,1,5,0
88693,941,1,5,0
88693,119247,1,4,0
88693,759,1,2,0
88693,348327,1,4,0
88693,24964,1,4,0
88693,21682,1,3,0
88693,22427,1,4,0
88693,77728,1,3,0
88693,3815,1,4,0
88693,511477,1,4,0
88693,51923,1,3,0
88693,38560,1,4,0
88693,19534,1,4,0
88693,2661,1,5,0
88693,2368,1,3,0
88693,1067,1,3,0
88693,21339,1,3,0
88693,1504,1,5,0
88693,19430,1,5,0
88693,51106,1,5,0
88693,22774,1,3,0
88693,50815,1,5,0
88693,2369,1,5,0
89979,1123,1,1,0
89979,1218,1,1,0
89979,25946,1,5,1
89979,759,1,2,0
89979,5415,1,4,0
89979,5414,1,3,0
89979,60720,1,5,0
89979,2557,1,3,1
89979,4360,1,4,1
89979,18649,1,4,1
89979,5139,1,4,1
89979,4948,1,4,1
89979,1067,1,2,1
89979,81014,1,4,1
89979,72855,1,4,0
89979,249867,1,4,0
89979,39792,1,3,0
90603,941,1,4,0
90603,14812,1,4,0
90603,12923,1,3,0
90603,33538,1,3,0
90603,1218,1,3,0
90603,1368,1,5,0
90603,8703,1,4,0
90603,1366,1,3,0
90603,8600,1,3,0
90603,1167,1,4,0
90603,103,1,4,0
91531,86098,1,5,1
91531,197084,1,4,0
91531,111595,1,4,0
91531,31910,1,3,1
91531,167010,1,4,0
91531,38264,1,3,0
91531,178693,1,3,0
91531,24476,1,5,0
91531,47627,1,3,0
91531,159056,1,4,0
91531,642612,1,4,0
91531,754452,1,3,0
91531,790336,1,3,0
91531,107020,1,3,0
91531,903520,1,4,0
91531,123920,1,3,0
91531,91714,1,4,0
91531,623491,1,4,0
91531,221785,1,3,0
91531,104329,1,4,0
91531,637578,1,4,0
93255,941,1,5,0
93255,1218,1,5,1
93255,1167,1,5,0
93255,78352,1,5,0
93255,759,1,4,0
93255,1123,1,3,0
93255,6956,1,5,1
93255,14064,1,3,0
93255,6810,1,4,1
93255,370703,1,2,1
93255,22426,1,4,0
93255,423,1,3,0
93255,16298,1,5,0
93255,14812,1,2,1
93255,31862,1,5,0
94134,941,1,5,0
94134,1218,1,4,0
94134,759,1,5,0
94134,423,1,4,0
94134,14233,1,4,0
94134,830,1,4,0
94134,146288,1,4,0
94134,13119,1,3,0
94134,25946,1,4,1
94134,17722,1,3,0
94134,1363,1,4,1
94134,14318,1,4,0
94134,22425,1,5,0
94134,658345,1,3,0
94134,13470,1,3,0
94134,386333,1,4,0
94134,1368,1,4,0
94134,72854,1,4,0
94134,81014,1,4,0
94134,181242,1,4,0
94134,579228,1,4,0
94134,18261,1,4,0
94134,72855,1,4,0
95364,311318,1,5,0
95364,47621,1,5,0
95364,47622,1,4,0
95364,47624,1,5,0
95364,47626,1,4,0
95364,96986,1,3,0
95364,151398,1,2,0
95364,37328,1,4,0
95364,759,1,1,0
95364,14812,1,1,0
95364,200156,1,2,0
95364,17364,1,4,0
95364,46787,1,4,0
95364,60223,1,5,0
95364,486059,1,5,0
95364,187040,1,2,0
95364,22426,1,4,0
95364,91714,1,3,0
95364,428,1,4,0
95364,941228,1,4,0
95364,108626,1,4,0
95364,155054,1,4,0
95364,870,1,3,0
95364,54276,1,5,0
95364,60224,1,5,0
95364,60222,1,5,0
95364,60220,1,5,0
95364,5738,1,5,0
96745,1218,1,1,0
96745,1167,1,5,0
96745,759,1,4,0
96745,31862,1,3,0
96745,941,1,2,0
96745,12322,1,4,0
96745,872,1,2,1
96745,423,1,3,0
96745,162089,1,2,0
96745,6956,1,1,0
96745,14064,1,1,0
96745,17722,1,3,0
96745,1067,1,1,1
96745,21682,1,3,0
96745,428,1,3,0
96745,9556,1,5,0
97478,1218,1,2,0
97478,1327,1,4,0
97478,33538,1,4,0
97478,34540,1,3,0
97478,18261,1,4,0
97478,8703,1,5,1
97478,107064,1,3,0
97478,357933,1,4,1
97478,1368,1,5,0
97478,1366,1,5,1
97478,18603,1,3,0
97478,18129,1,3,0
97478,109031,1,4,0
97478,132900,1,1,0
97478,101407,1,1,0
99188,1218,1,3,0
99188,1167,1,4,0
99188,14684,1,4,0
99188,759,1,4,0
99188,13194,1,4,0
99188,101021,1,4,0
99188,16570,1,3,0
99188,91714,1,4,0
99188,59793,1,4,0
99188,1123,1,3,0
99188,423,1,3,0
99494,941,1,3,0
99494,1218,1,3,0
99494,759,1,3,0
99494,39792,1,3,0
99494,14318,1,4,0
99494,423,1,3,0
99494,17581,1,5,0
99494,17125,1,5,0
99494,25015,1,4,0
99494,1123,1,3,0
99494,77505,1,3,0
99494,16298,1,3,0
99494,45685,1,4,0
99494,45681,1,5,0
99494,15197,1,4,0
99494,68513,1,4,0
99494,18804,1,3,0
99494,24711,1,2,0
99494,22426,1,3,0
99494,188148,1,3,0
99494,188147,1,3,0
99494,14948,1,3,0
100448,941,1,5,0
100448,759,1,1,0
100448,39792,1,3,0
100448,5415,1,4,0
100448,5414,1,3,0
100448,13470,1,5,1
100448,22427,1,4,0
100448,353732,1,4,0
100448,8172,1,3,0
100448,30065,1,3,0
100448,386333,1,3,0
100448,72855,1,5,0
100448,150987,1,4,0
100448,64229,1,5,1
100448,351211,1,3,0
100939,22460,1,4,0
100939,22463,1,4,0
100939,22461,1,4,0
100939,941,1,5,0
100939,1123,1,1,0
100939,14948,1,4,0
100939,40199,1,3,0
100939,21682,1,3,0
100939,56913,1,4,1
100939,25946,1,4,0
100939,2557,1,5,0
100939,6689,1,4,0
100939,1504,1,5,1
100939,1067,1,5,0
100939,9556,1,4,1
100939,10579,1,5,0
102624,6689,1,4,0
102624,2933,1,4,0
102624,12169,1,4,0
102624,103802,1,4,0
102624,12523,1,4,0
102624,96144,1,4,0
102624,23012,1,4,0
102624,2932,1,4,0
102624,5893,1,3,0
102624,392616,1,4,0
102624,23053,1,4,0
102624,11535,1,4,0
102624,10579,1,5,0
102624,12321,1,4,0
102624,678582,1,4,0
102624,1161994,1,4,0
102624,9516,1,3,0
102624,1611921,1,4,0
102624,9073,1,4,0
102624,15719,1,5,0
102624,401471,1,5,0
102624,577409,1,4,0
102624,198026,1,5,0
102814,19137,1,3,0
102814,16298,1,3,0
102814,278785,1,1,0
102814,941,1,3,0
102814,759,1,2,0
102814,386299,1,5,1
102814,1504,1,4,0
102814,19430,1,3,0
102814,2557,1,3,0
102814,2369,1,4,0
102814,77505,1,4,0
102814,8600,1,3,0
102814,37408,1,4,0
103135,18792,1,3,1
103135,17125,1,4,0
103135,754451,1,4,0
103135,423,1,4,0
103135,85573,1,4,0
103135,21337,1,4,0
103135,1218,1,3,0
103135,99984,1,4,0
103135,324398,1,4,0
103135,39031,1,5,0
103135,12969,1,4,0
103135,14233,1,3,0
103135,941,1,3,0
103135,759,1,4,0
103135,871,1,3,0
103135,870,1,3,0
103135,6956,1,1,0
103135,182600,1,3,0
103135,14684,1,2,0
103135,13119,1,4,0
104073,941,1,4,0
104073,759,1,2,0
104073,830,1,5,0
104073,16298,1,2,0
104073,22426,1,4,0
104073,423,1,3,0
104073,5415,1,4,0
104073,12923,1,3,1
104073,33539,1,2,1
104073,14812,1,3,1
104073,48666,1,1,1
104073,105077,1,3,1
104073,25946,1,1,1
104073,36253,1,5,1
104073,1368,1,2,1
104073,107009,1,3,1
104073,18128,1,1,1
104073,19430,1,3,1
104073,8600,1,4,1
104073,57357,1,3,1
104073,39876,1,3,1
104088,108296,1,4,0
104088,894541,1,3,0
104088,444374,1,4,0
104088,25946,1,4,0
104088,333727,1,4,0
104088,12923,1,2,1
104088,333323,1,5,1
104088,105549,1,4,1
104088,176884,1,4,1
104088,1596154,1,2,1
104088,23581,1,4,1
104088,353732,1,4,1
104088,21188,1,4,1
104088,333721,1,4,1
104088,1218,1,4,0
104088,73073,1,5,1
104088,13470,1,5,1
104088,176228,1,3,1
104088,210297,1,4,1
104088,81814,1,5,1
104088,37328,1,5,1
104088,617073,1,4,1
104088,47241,1,3,1
104088,81048,1,4,1
104088,1146185,1,3,1
104088,444331,1,5,1
104088,72854,1,5,1
104610,239644,1,3,0
104610,5139,1,4,1
104610,19534,1,4,1
104610,9752,1,4,1
104610,1067,1,4,1
104610,1366,1,4,1
104610,56912,1,4,1
104610,4191,1,3,1
104610,102109,1,2,1
104859,17364,1,3,0
104859,48623,1,3,0
104859,941,1,4,0
104859,1123,1,1,0
104859,22613,1,2,0
104859,47622,1,2,0
104859,47621,1,2,0
104859,617495,1,3,0
104859,18261,1,3,0
104859,2015,1,2,0
104859,2013,1,2,0
104859,71247,1,3,0
104859,66559,1,3,0
104859,311318,1,2,0
104859,30574,1,3,0
104859,36253,1,3,0
104859,7909,1,3,0
104859,14817,1,3,0
104859,16298,1,3,0
104859,42528,1,3,0
104859,423,1,3,0
104859,47493,1,3,0
104859,22426,1,3,0
104859,21337,1,3,0
104859,13119,1,5,0
104859,830,1,3,0
104859,1368,1,1,0
104859,16570,1,3,0
104859,5738,1,3,0
104859,77690,1,4,0
104859,13270,1,2,0
104859,590747,1,5,0
104859,51881,1,3,0
104859,22473,1,4,0
104859,22425,1,2,0
104859,53410,1,3,0
104859,71189,1,2,0
104995,941,1,5,0
104995,14064,1,3,0
104995,105074,1,2,0
104995,5415,1,3,0
104995,5414,1,3,0
104995,4944,1,3,0
104995,68519,1,3,0
104995,5417,1,2,0
104995,6810,1,3,0
104995,2368,1,3,0
104995,1504,1,4,0
106617,759,1,5,0
106617,941,1,5,0
106617,22620,1,4,0
106617,22618,1,3,0
106617,147393,1,3,0
106617,1123,1,5,0
106617,6956,1,5,0
106617,14064,1,3,0
106617,258338,1,3,0
106617,125887,1,4,0
106617,139221,1,4,0
109776,941,1,5,0
109776,16298,1,4,0
109776,187040,1,5,0
109776,25016,1,3,0
109776,14948,1,4,0
109776,5415,1,3,0
109776,5414,1,3,0
109776,81662,1,3,0
109776,13470,1,4,0
109776,1067,1,2,0
109776,1368,1,5,0
109776,40372,1,3,0
109776,8600,1,3,0
110115,14064,1,4,0
110115,6956,1,5,0
110115,941,1,5,0
110115,434235,1,5,1
110115,1218,1,5,0
110115,759,1,5,0
110115,425,1,4,0
110115,462685,1,4,0
110115,8600,1,3,0
110812,16298,1,5,0
110812,60720,1,5,1
110812,941,1,4,0
110812,1123,1,3,0
110812,64482,1,4,1
110812,14318,1,3,0
110812,239643,1,3,0
110812,147802,1,2,0
110812,931643,1,2,0
110812,105484,1,4,1
110812,18804,1,4,1
110812,1107030,1,4,1
110812,332439,1,3,0
110812,178300,1,4,1
110812,155097,1,4,1
110812,176228,1,4,1
110812,444374,1,3,1
110812,359407,1,4,0
110812,13470,1,3,1
110812,176906,1,4,0
110812,21682,1,4,0
110812,1368,1,5,0
110812,1366,1,3,1
110812,50621,1,1,1
111788,19137,1,5,0
111788,941,1,5,0
111788,2015,1,4,0
111788,59854,1,5,0
111788,428,1,4,0
111788,759,1,2,0
111788,2013,1,5,1
111869,1123,1,4,0
111869,5415,1,3,0
111869,759,1,2,0
111869,22426,1,1,0
111869,91024,1,4,0
111869,45287,1,3,0
111869,19137,1,3,0
111869,182744,1,2,0
111869,428,1,3,0
111869,48978,1,5,0
111869,48974,1,4,0
111869,45292,1,4,0
111869,44781,1,5,0
111869,51605,1,5,0
111869,116594,1,4,0
111869,116592,1,4,0
111869,207557,1,3,0
111869,105074,1,4,0
111869,58944,1,4,0
111869,71247,1,5,0
111869,23792,1,4,0
111869,941,1,5,0
111869,3585,1,4,0
111869,774635,1,4,0
111869,209713,1,4,0
111869,244470,1,4,0
112230,12622,1,3,0
112230,759,1,3,0
112230,1123,1,3,0
112230,6810,1,3,0
112230,6057,1,2,0
112230,22774,1,3,0
112230,2933,1,3,0
112230,2932,1,3,0
112230,104159,1,3,0
112230,2937,1,3,0
112230,93315,1,3,0
112230,23791,1,3,0
112230,23053,1,3,0
112230,2811,1,2,0
112230,182745,1,3,0
112230,10570,1,3,0
112230,61049,1,4,0
112230,10579,1,3,0
112230,47763,1,3,0
112230,12321,1,3,0
112230,10775,1,3,0
112230,53179,1,3,0
112230,27500,1,3,0
112230,9555,1,3,0
112230,109427,1,3,0
112230,194561,1,3,0
112230,6689,1,4,0
112230,93003,1,3,0
112230,15719,1,3,0
112230,10534,1,3,0
112230,941,1,3,0
112230,51606,1,3,0
112230,51603,1,3,0
112230,61043,1,3,0
112230,9073,1,3,0
112230,8812,1,4,0
112230,427305,1,3,0
112230,1504,1,3,0
112230,6956,1,2,0
112230,1067,1,2,0
112230,8706,1,3,0
112230,164255,1,3,0
112230,8515,1,3,0
112474,22473,1,4,0
112474,25016,1,4,0
112474,48002,1,4,1
112474,1218,1,4,0
112474,751391,1,2,1
112474,22304,1,4,1
112474,1368,1,4,1
112474,37057,1,3,1
114275,759,1,4,0
114275,941,1,5,0
114275,6810,1,2,1
114275,77603,1,3,0
114275,1067,1,4,0
114275,1504,1,4,0
114275,1368,1,5,0
114275,8600,1,4,0
114275,111919,1,4,0
114275,1366,1,3,0
114275,68314,1,4,0
115266,13270,1,5,1
115266,830,1,5,0
115266,47828,1,5,0
115266,341285,1,5,0
115266,368822,1,5,0
115266,69811,1,4,0
115266,18808,1,5,0
115266,463,1,5,0
115266,1800178,1,5,0
115266,278785,1,4,0
115266,18226,1,5,0
115266,359062,1,4,0
115266,941,1,5,0
115266,1365,1,5,0
115266,546070,1,5,0
115266,83275,1,4,0
115266,217069,1,4,0
115266,59019,1,4,0
115266,31924,1,4,0
115266,579244,1,5,0
115266,41304,1,5,0
115266,862897,1,5,0
115266,33052,1,5,0
115584,68318,1,5,1
115584,18803,1,5,0
115584,941,1,4,0
115584,39792,1,4,0
115584,128236,1,3,0
115584,1218,1,5,0
115584,8172,1,4,0
115584,105074,1,2,0
115584,759,1,3,0
115584,22425,1,3,0
115584,14318,1,3,0
115584,16298,1,4,0
115584,21682,1,3,0
115584,2178,1,3,0
115584,522465,1,3,0
115584,18603,1,4,0
115584,870,1,2,0
115584,17998,1,2,1
115584,30065,1,3,0
115584,127175,1,2,1
115584,58350,1,2,1
115584,1067,1,4,1
115584,321572,1,3,0
115584,88867,1,1,1
115584,7909,1,3,0
115584,973743,1,3,1
115584,82708,1,3,1
115584,25016,1,2,1
115845,16192,1,3,0
115845,46484,1,4,0
115845,77728,1,3,0
115845,21290,1,5,0
115845,1218,1,4,0
115845,941,1,3,0
115845,759,1,5,0
115845,14684,1,4,0
115845,870,1,5,0
115845,12923,1,3,0
115845,423,1,4,0
115845,21682,1,4,0
115845,77690,1,4,0
117327,6956,1,3,0
117327,14233,1,4,0
117327,871,1,3,0
117327,870,1,4,0
117327,12969,1,3,0
117327,941,1,5,0
117327,1218,1,5,1
117327,202358,1,3,0
117327,25016,1,4,0
117327,1489431,1,4,0
117327,143797,1,3,0
117327,383019,1,3,0
117327,320813,1,3,0
117327,276466,1,4,0
117327,49836,1,5,0
117327,22207,1,5,0
117327,7909,1,3,0
117327,1368,1,5,0
117327,126980,1,5,0
117327,53410,1,5,1
117327,22307,1,5,0
117327,185117,1,3,0
117327,123924,1,4,0
117456,759,1,4,0
117456,423,1,5,0
117456,248326,1,5,0
117456,16810,1,4,0
117456,21337,1,4,0
117456,91714,1,5,0
117456,146288,1,4,0
117456,39792,1,5,0
117456,1123,1,5,0
117456,871,1,3,0
117456,301035,1,4,0
117456,6956,1,5,0
117456,128236,1,3,0
117456,234042,1,4,0
117456,46487,1,4,0
117456,17123,1,4,0
117456,872,1,4,0
117456,22426,1,4,0
117456,28564,1,4,0
117456,24478,1,4,0
117456,14064,1,4,0
117456,39031,1,4,0
117456,31862,1,3,0
117456,404122,1,3,0
117456,47627,1,4,0
117456,17364,1,5,0
117775,1218,1,5,0
117775,759,1,4,0
117775,25016,1,4,0
117775,12969,1,4,0
117775,428,1,3,0
117775,22427,1,3,0
117775,941,1,3,0
117775,22426,1,3,0
117775,423,1,4,0
117775,14318,1,4,0
118099,44881,1,5,0
118099,47627,1,4,0
118099,54276,1,4,0
118099,68519,1,3,0
118099,17364,1,5,0
118099,50811,1,4,0
118099,423,1,4,0
118099,162089,1,3,0
118099,12923,1,3,0
118099,54270,1,4,0
118099,51481,1,4,0
118099,41781,1,2,0
118099,60220,1,3,0
118099,23791,1,4,0
118099,93315,1,4,1
118099,1368,1,5,1
118099,120829,1,4,1
118099,110871,1,4,1
118099,78234,1,3,1
118099,22207,1,4,1
121161,66172,1,5,0
121161,104159,1,5,0
121161,10658,1,4,0
121161,39796,1,5,0
121161,39795,1,5,0
121161,244523,1,1,1
121161,5665,1,4,0
121161,15719,1,4,0
121161,8706,1,5,0
121161,9439,1,4,0
121161,9551,1,4,0
121379,50811,1,5,0
121379,14233,1,5,0
121379,13630,1,4,0
121379,107456,1,4,0
121379,941,1,5,0
121379,14948,1,5,0
121379,15196,1,5,0
121379,22425,1,3,0
121379,759,1,2,0
121379,16298,1,4,0
121421,1123,1,5,0
121421,759,1,4,0
121421,47723,1,4,0
121421,310986,1,4,0
121421,63916,1,5,0
121421,4424,1,5,0
121421,4422,1,5,0
121421,53178,1,4,0
121421,520232,1,4,0
121421,194739,1,4,0
121421,120566,1,4,0
121421,61049,1,4,0
121421,258474,1,5,0
121421,935285,1,5,0
121421,53179,1,5,0
121421,394993,1,4,0
121421,95439,1,4,0
121421,694108,1,4,0
121421,2661,1,4,0
121421,972389,1,4,0
121421,61043,1,4,0
121421,425611,1,5,0
121421,673287,1,4,0
122827,23054,1,4,0
122827,105074,1,2,0
122827,23056,1,3,0
122827,2934,1,4,0
122827,11535,1,4,1
122827,2933,1,3,1
122827,2932,1,4,0
122827,10579,1,3,0
122827,10570,1,4,0
122827,9752,1,5,0
122827,124474,1,2,0
122827,8812,1,4,0
122827,8865,1,4,0
123297,1218,1,5,0
123297,5738,1,4,0
123297,30574,1,5,0
123297,22613,1,4,0
123297,151398,1,3,0
123297,218747,1,5,0
123297,16298,1,5,0
123297,12923,1,5,0
123297,17364,1,5,0
123297,47621,1,5,0
123297,46787,1,5,0
123297,47624,1,5,0
123297,47493,1,5,0
123297,874,1,5,0
123297,2015,1,5,0
123297,569361,1,4,0
123893,1218,1,5,0
123893,21290,1,5,0
123893,759,1,2,0
123893,127639,1,3,0
123893,127635,1,4,0
123893,65646,1,4,0
123893,17998,1,4,0
123893,17722,1,5,0
125422,88867,1,3,0
125422,22463,1,4,0
125422,22460,1,3,0
125422,22461,1,4,0
125422,105074,1,3,0
125422,19534,1,3,0
125422,59854,1,3,0
125422,28240,1,4,0
125422,12923,1,3,0
125422,21339,1,2,0
125422,1504,1,4,0
125422,50621,1,4,0
125422,1368,1,5,0
125422,16298,1,3,0
125422,14318,1,5,0
125422,15195,1,4,0
125422,185151,1,4,0
125422,34540,1,3,0
125422,8600,1,3,0
125422,18261,1,3,0
125422,81048,1,3,0
125422,120829,1,4,0
125422,19430,1,4,0
125422,26092,1,4,0
125422,106047,1,3,0
125489,759,1,4,0
125489,68318,1,5,0
125489,8172,1,3,0
125489,22349,1,3,0
125489,13146,1,4,0
125489,1123,1,1,0
125489,12923,1,3,0
125489,423,1,3,0
125489,42001,1,3,1
125489,123924,1,2,1
125489,360931,1,3,0
125489,42002,1,5,0
125489,1504,1,3,1
125489,17581,1,4,1
126061,39792,1,5,0
126061,14318,1,5,0
126061,105679,1,4,0
126061,77728,1,5,0
126061,16298,1,5,0
126061,77690,1,4,0
126061,19137,1,2,0
126061,46485,1,4,0
126061,22427,1,4,0
126061,759,1,3,0
126061,383520,1,3,0
126061,147393,1,2,0
126061,870,1,2,0
126061,941,1,4,0
126061,22425,1,3,0
126061,21337,1,2,0
126061,1123,1,1,0
126061,22426,1,3,0
126061,24965,1,2,0
126061,523262,1,4,0
126061,335687,1,4,0
126982,759,1,3,0
126982,941,1,4,1
126982,1218,1,4,1
126982,1167,1,5,0
126982,870,1,3,0
126982,14233,1,3,0
126982,14318,1,3,1
126982,14948,1,3,0
126982,871,1,2,0
126982,25016,1,4,1
126982,17125,1,3,0
126982,423,1,4,0
126982,14064,1,4,1
126982,12923,1,2,1
126982,16570,1,4,1
126982,21682,1,3,0
126982,22427,1,4,0
126982,50811,1,4,1
126982,75602,1,2,1
126982,47627,1,3,1
126982,105074,1,3,1
126982,13912,1,2,1
126982,964995,1,4,1
126982,51881,1,4,1
126982,1067,1,4,1
126982,1368,1,5,1
126982,1504,1,4,1
126982,14664,1,5,1
126982,17998,1,4,1
127296,14064,1,4,0
127296,68355,1,4,0
127296,941,1,3,0
127296,466761,1,3,0
127296,1123,1,3,0
127296,759,1,5,0
127296,1006140,1,5,0
127296,561124,1,4,0
127296,17994,1,5,1
127296,190523,1,3,0
127417,941,1,5,0
127417,759,1,3,0
127417,1123,1,2,0
127417,14948,1,4,0
127417,1218,1,2,0
127417,12923,1,4,0
127417,25946,1,3,0
127417,423,1,2,0
127417,14318,1,5,0
127417,16298,1,4,0
127417,1368,1,3,1
127417,28240,1,4,0
127417,72854,1,4,1
127417,72855,1,5,1
127417,191114,1,3,0
127417,78234,1,4,0
127417,30065,1,4,1
127581,27500,1,5,0
127581,207916,1,5,0
127581,58944,1,5,0
127581,58930,1,5,0
127581,19137,1,5,0
127581,68519,1,5,0
127581,26936,1,5,0
127581,12328,1,5,0
127581,5890,1,5,0
127581,5891,1,5,0
127581,12169,1,5,0
127581,4530,1,5,0
127581,10959,1,5,0
127581,10579,1,5,0
127581,109427,1,5,0
127581,9553,1,5,0
127581,1026050,1,5,0
127581,9551,1,5,0
127581,61044,1,5,0
127581,124474,1,5,0
127581,15719,1,5,0
127581,8706,1,5,0
127581,9073,1,5,0
127581,92830,1,5,0
128176,105711,1,4,0
128176,21682,1,4,0
128176,105679,1,5,0
128176,77728,1,5,0
128176,22427,1,4,0
128176,22425,1,5,0
128176,1123,1,4,0
128176,16298,1,5,0
128176,170211,1,2,0
128176,24711,1,3,0
128176,51881,1,2,0
128176,598346,1,1,1
128176,50937,1,4,0
128176,941,1,4,0
128176,423,1,4,0
128176,623255,1,4,0
128176,52549,1,3,1
128176,73079,1,2,0
128176,378710,1,5,0
128176,370594,1,1,1
128176,120829,1,4,1
128176,119005,1,2,1
129147,60223,1,5,0
129147,307630,1,5,0
129147,207916,1,5,0
129147,53774,1,5,0
129147,47624,1,5,0
129147,108626,1,5,0
129147,151398,1,5,0
129147,257653,1,5,0
129147,66559,1,4,0
129147,351708,1,5,0
129147,55218,1,5,0
129147,413963,1,5,0
129147,45287,1,5,0
129147,98785,1,5,0
129147,865021,1,4,0
129147,38469,1,5,0
129147,19137,1,4,0
129147,60224,1,4,0
129147,26936,1,4,0
129147,14812,1,2,0
129147,60222,1,4,0
129147,60220,1,4,0
129147,38264,1,4,0
129147,195762,1,3,0
129147,110960,1,4,0
129147,12523,1,5,0
129147,618923,1,4,0
129147,111006,1,4,0
131539,33538,1,3,1
131539,25016,1,3,0
131539,21337,1,4,0
131539,13113,1,2,0
131539,29489,1,4,0
131539,91714,1,4,0
131539,1167,1,3,0
131539,573693,1,3,0
131539,1368,1,5,1
131539,164531,1,2,0
131539,42528,1,4,0
131539,12923,1,2,0
131539,423,1,4,0
131539,17722,1,4,0
131539,12969,1,4,0
131539,872,1,2,0
131539,870,1,3,0
132741,759,1,3,0
132741,6956,1,1,0
132741,14064,1,3,0
132741,423,1,4,0
132741,12969,1,4,0
132741,941,1,4,0
132741,14233,1,3,0
132741,871,1,2,0
132741,870,1,2,0
132741,872,1,3,0
132741,39792,1,4,0
132741,22426,1,3,0
132741,31862,1,2,0
132741,68318,1,1,0
132741,42002,1,5,0
132741,47493,1,3,0
133276,657605,1,4,0
133276,329957,1,3,0
133276,77491,1,4,0
133276,181242,1,3,0
133276,126980,1,4,0
133276,33541,1,2,1
133276,185117,1,2,1
133276,941,1,5,1
133276,30065,1,4,1
133276,189182,1,1,1
133276,127672,1,3,0
133276,189938,1,3,0
133276,128073,1,4,1
133276,40372,1,2,1
133276,127175,1,4,0
134761,14318,1,4,0
134761,941,1,5,0
134761,12923,1,3,1
134761,22425,1,3,0
134761,759,1,4,0
134761,1123,1,3,0
134761,423,1,3,0
134761,22426,1,3,0
134761,871,1,3,0
134761,1218,1,2,0
134761,18261,1,5,1
134761,1368,1,5,0
134761,101483,1,5,1
134761,1504,1,4,1
134761,40372,1,3,0
134761,36253,1,4,1
135289,27500,1,5,0
135289,5891,1,3,0
135289,14948,1,5,0
135289,58976,1,5,0
135289,93315,1,4,0
135289,58944,1,4,0
135289,58973,1,4,0
135289,89053,1,3,0
135289,58764,1,5,0
135315,871,1,4,0
135315,1167,1,3,0
135315,870,1,2,0
135315,12923,1,1,0
135315,47627,1,1,0
135315,6956,1,3,0
135315,14064,1,3,0
135315,12969,1,4,0
135315,941,1,3,0
135315,48623,1,4,0
135315,68519,1,3,0
135315,50811,1,3,0
135315,423,1,4,0
135315,46484,1,5,0
135315,673712,1,5,1
135315,68513,1,3,0
136188,23791,1,3,0
136188,1123,1,5,0
136188,58930,1,3,0
136188,5665,1,5,0
136188,51606,1,5,0
136188,60223,1,5,0
136188,60224,1,5,0
136188,60222,1,5,0
136188,60220,1,5,0
136188,10570,1,3,0
136188,9752,1,4,0
136188,9556,1,3,0
136188,941,1,5,0
136188,1368,1,5,0
136188,8492,1,3,0
138443,759,1,5,0
138443,1123,1,3,0
138443,941,1,5,0
138443,348321,1,5,0
138443,22426,1,4,0
138443,423,1,4,0
138443,21682,1,5,0
138443,210454,1,4,0
138443,16192,1,4,0
138443,42528,1,3,0
138443,14318,1,3,0
138443,21830,1,4,0
138443,428,1,4,0
138443,6810,1,4,0
139176,1218,1,4,0
139176,423,1,3,0
139176,941,1,4,0
139176,428,1,1,0
139176,89299,1,3,0
139176,225274,1,4,0
139176,759,1,3,0
139176,22426,1,4,0
139176,1123,1,2,0
139176,21337,1,2,0
139176,12923,1,2,0
139176,2015,1,3,0
139176,30574,1,4,0
139176,47621,1,4,0
139176,47624,1,4,0
139176,47622,1,2,0
139176,18261,1,5,0
139176,14812,1,1,1
139176,1504,1,2,1
139602,759,1,3,0
139602,391360,1,5,1
139602,22463,1,5,0
139602,22460,1,5,0
139602,22461,1,5,0
139602,351707,1,4,1
139602,19137,1,2,0
139602,9553,1,4,0
139704,110015,1,4,0
139704,45292,1,4,0
139704,162089,1,4,0
139704,19137,1,5,0
139704,207557,1,4,0
139704,44781,1,4,0
139704,207916,1,4,0
139704,403648,1,4,0
139704,48978,1,4,0
139704,50811,1,4,0
139704,5418,1,4,0
139704,15672,1,4,0
139704,120728,1,4,0
139704,23791,1,4,0
139704,2936,1,4,0
139704,125778,1,4,0
139704,3815,1,4,0
139704,65557,1,4,0
139704,255149,1,4,0
139704,23792,1,4,0
139704,28003,1,4,0
139704,100967,1,4,0
139704,9556,1,4,0
139704,51505,1,4,0
139704,194561,1,4,0
139704,23404,1,4,0
139704,571872,1,4,0
139704,1878,1,4,0
139704,27400,1,4,0
141211,23056,1,3,1
141211,15677,1,3,1
141211,195762,1,3,0
141211,10729,1,3,1
141211,10658,1,5,1
141211,298275,1,4,1
141211,10570,1,5,1
141211,151398,1,3,0
141211,9551,1,3,1
141211,104610,1,4,1
141211,9438,1,5,1
141211,15719,1,5,1
141211,8709,1,5,1
141211,313584,1,5,1
142224,22613,1,3,0
142224,12969,1,5,0
142224,14948,1,4,0
142224,5738,1,5,0
142224,60224,1,5,0
142224,60222,1,5,0
142224,60220,1,5,0
142224,53774,1,5,0
142224,17364,1,4,0
142224,941,1,4,0
142224,46787,1,5,0
142224,164532,1,3,0
142224,257653,1,4,0
142224,17275,1,3,0
142224,30574,1,3,0
142224,47493,1,3,0
142224,18261,1,4,0
142224,18600,1,3,0
142224,53410,1,3,0
142224,982757,1,3,0
142224,22207,1,3,0
143287,1123,1,5,0
143287,759,1,4,0
143287,22426,1,3,0
143287,6810,1,5,0
143287,25016,1,5,0
143287,68615,1,5,0
143287,595967,1,5,0
143287,809162,1,5,0
143340,759,1,4,0
143340,5415,1,4,0
143340,1218,1,4,0
143340,1123,1,4,0
143340,941,1,3,0
143340,16298,1,3,0
143340,423,1,2,0
143340,22425,1,3,0
143340,59019,1,5,0
143340,50811,1,4,0
143340,52549,1,4,0
143898,51603,1,5,0
143898,1988,1,5,0
143898,66027,1,5,0
143898,351708,1,5,0
143898,110015,1,5,0
143898,41781,1,5,0
143898,14064,1,5,0
143898,27507,1,5,0
143898,51606,1,5,0
143898,324083,1,5,0
143898,66172,1,5,0
143898,574761,1,4,1
143906,39792,1,5,0
143906,38560,1,5,0
143906,51881,1,5,0
143906,16298,1,5,0
143906,941,1,5,0
143906,51923,1,5,0
143906,19430,1,5,0
143906,37408,1,3,0
143906,21339,1,3,0
143906,1504,1,5,0
143906,2557,1,4,0
143906,39876,1,3,0
144474,1123,1,3,0
144474,759,1,3,0
144474,423,1,4,0
144474,16570,1,5,0
144474,22426,1,3,0
144474,139373,1,4,0
144474,13270,1,1,0
144474,941,1,3,0
144474,53774,1,4,0
144474,48623,1,4,0
145649,941,1,4,0
145649,1218,1,5,0
145649,759,1,3,0
145649,14318,1,3,0
145649,68513,1,5,0
145649,423,1,3,0
145649,22426,1,3,0
145649,1123,1,3,0
145649,13194,1,4,0
145649,1368,1,4,0
145649,1067,1,5,1
145649,12876,1,2,0
145649,40372,1,3,0
145834,222617,1,3,0
145834,60223,1,4,0
145834,307630,1,4,0
145834,24968,1,4,1
145834,142458,1,4,0
145834,147842,1,4,0
145834,50811,1,4,0
145834,22618,1,4,0
145834,431447,1,4,0
145834,352803,1,4,0
145834,38264,1,3,0
145834,13113,1,4,0
145834,58973,1,4,0
145834,14064,1,4,0
145834,64416,1,4,0
145834,106837,1,4,0
145834,21685,1,4,0
145834,57629,1,5,0
145834,503403,1,4,0
145834,65471,1,4,0
145834,8600,1,4,0
145834,33541,1,3,0
145834,50937,1,4,0
145834,899245,1,3,1
145834,271310,1,4,0
146641,248871,1,4,1
146641,248878,1,4,1
146641,18261,1,4,1
146641,42002,1,4,1
146641,16564,1,1,1
146641,1550157,1,5,1
146641,14664,1,5,1
146641,1504,1,5,1
146641,753680,1,4,1
146641,310986,1,2,1
146688,1123,1,4,0
146688,759,1,3,0
146688,428,1,3,0
146688,1366,1,3,0
146688,1368,1,3,0
146688,1504,1,2,0
146688,18261,1,4,0
147112,1988,1,4,0
147112,2661,1,2,0
147112,428,1,5,0
147112,2933,1,3,0
147112,2932,1,3,0
147112,95891,1,3,0
147112,79712,1,2,0
147112,24968,1,4,0
147112,2368,1,4,0
147112,93201,1,2,0
147112,820581,1,3,0
147112,5139,1,3,0
147112,5891,1,3,0
147112,39796,1,3,0
147112,164452,1,3,0
147112,28247,1,3,0
147112,62101,1,4,0
147112,10775,1,3,0
147112,51481,1,2,0
147112,427305,1,3,0
147112,92918,1,3,0
147270,16298,1,5,1
147270,39792,1,5,0
147270,25946,1,5,0
147270,14318,1,5,0
147270,14948,1,4,0
147270,1123,1,5,0
147270,48666,1,5,0
147270,1331686,1,5,0
147270,24965,1,5,0
147270,28668,1,5,0
147270,113205,1,5,0
147270,210297,1,3,0
147270,105711,1,2,0
147270,61523,1,5,0
147270,59019,1,3,0
147270,147802,1,5,0
147270,28666,1,5,0
147270,105077,1,5,0
147270,22421,1,5,0
147270,50811,1,5,0
147270,13470,1,5,0
147270,2557,1,5,0
147270,37408,1,5,0
147270,78234,1,5,0
149648,759,1,3,0
149648,1218,1,3,0
149648,1123,1,4,0
149648,22426,1,4,0
149648,31862,1,3,0
149648,1167,1,4,0
149648,423,1,4,0
149648,59793,1,5,0
149648,16810,1,2,0
149648,941,1,4,0
149648,14664,1,5,1
149648,197084,1,3,0
149648,18804,1,4,0
149648,13119,1,3,0
149648,14948,1,3,0
149768,759,1,4,0
149768,21337,1,4,0
149768,13119,1,4,0
149768,1123,1,3,0
149768,61661,1,5,0
149768,14684,1,5,1
149768,13194,1,3,0
149768,50811,1,3,0
149768,58944,1,5,0
149768,1368,1,5,1
149845,14664,1,3,0
149845,27500,1,4,0
149845,17275,1,4,0
149845,50811,1,4,0
149845,58944,1,4,0
149845,1504,1,4,0
149845,759,1,5,0
149845,941,1,4,0
149845,175242,1,5,0
149845,423,1,5,0
152507,44881,1,3,0
152507,60223,1,3,0
152507,48978,1,4,0
152507,48974,1,4,0
152507,47622,1,3,0
152507,44883,1,3,0
152507,55218,1,4,0
152507,60224,1,4,0
152507,60222,1,4,0
152507,60220,1,4,0
152507,47621,1,4,0
152507,47624,1,4,0
152507,47180,1,4,0
152507,18261,1,4,1
152675,1123,1,3,0
152675,759,1,3,0
152675,12923,1,3,0
152675,1218,1,3,0
152675,18128,1,5,0
152675,1504,1,5,0
152675,1366,1,5,0
152867,759,1,5,0
152867,941,1,5,0
152867,1218,1,4,0
152867,1123,1,4,0
152867,16192,1,1,0
152867,423,1,1,0
152867,17722,1,3,0
152867,21290,1,2,0
152867,12923,1,3,0
152867,14812,1,4,0
152867,25946,1,4,1
152867,22425,1,2,0
152867,19534,1,4,1
152867,67522,1,2,0
152867,16298,1,4,0
152867,13470,1,4,0
152867,1368,1,4,0
152867,1366,1,3,0
152867,158383,1,3,0
152867,26092,1,3,0
153682,759,1,4,0
153682,6956,1,3,0
153682,14064,1,4,0
153682,870,1,4,0
153682,871,1,5,0
153682,874,1,3,0
153682,872,1,4,0
153682,91714,1,4,0
153682,555471,1,3,0
153682,423,1,4,0
153682,21337,1,4,0
153682,17722,1,5,0
153682,1123,1,2,1
154771,6689,1,5,1
154771,23053,1,5,0
154771,1123,1,5,0
154771,759,1,5,0
154771,2369,1,4,1
154771,5890,1,3,0
154771,2934,1,2,0
154771,941,1,5,0
154771,1067,1,5,0
154771,160469,1,3,1
154771,2557,1,3,0
154771,194451,1,3,1
154771,1504,1,5,1
154771,39796,1,4,1
154771,39795,1,3,1
154771,10579,1,3,1
156060,6810,1,5,0
156060,941,1,5,0
156060,6057,1,5,0
156060,759,1,4,0
156060,10579,1,5,0
156060,6689,1,5,0
156060,21352,1,5,0
156060,19534,1,4,0
156060,21339,1,4,0
156060,19430,1,5,0
156060,39796,1,5,0
156060,39795,1,4,0
156060,15719,1,4,0
156060,1504,1,5,0
156211,23056,1,4,1
156211,58944,1,4,0
156211,26936,1,5,0
156211,60223,1,4,0
156211,60224,1,4,0
156211,60222,1,4,0
156211,182744,1,3,0
156211,91024,1,4,0
156211,27500,1,4,0
156211,50811,1,3,0
156211,27400,1,3,0
156211,412347,1,4,1
156211,109427,1,4,0
156211,921528,1,3,0
156211,14233,1,3,0
156211,48974,1,3,0
156211,48978,1,3,0
156211,425611,1,4,1
156370,941,1,5,0
156370,16298,1,4,0
156370,25946,1,4,0
156370,51881,1,3,0
156370,2013,1,2,0
156370,12969,1,4,0
156370,50811,1,5,0
156370,38560,1,3,1
156370,51923,1,4,0
156370,5414,1,5,0
156370,759,1,4,0
156370,21837,1,3,0
156370,21830,1,4,0
156370,24965,1,5,0
156370,52549,1,3,0
156370,19430,1,4,0
156370,27500,1,3,0
157948,16298,1,5,0
157948,941,1,5,0
157948,59019,1,5,0
157948,13119,1,5,0
157948,14318,1,4,0
157948,1123,1,3,0
157948,759,1,3,0
157948,13912,1,5,0
157948,24964,1,5,0
157948,50811,1,5,0
157948,1368,1,5,0
157948,1167,1,5,0
157948,1504,1,5,0
157948,162089,1,4,0
157948,12923,1,3,0
158075,5665,1,4,0
158075,51606,1,3,0
158075,51603,1,4,0
158075,23056,1,4,0
158075,1427357,1,5,0
158075,103802,1,4,0
158075,348096,1,4,0
158075,61049,1,5,0
158075,9752,1,4,0
158075,10417,1,5,0
158075,10570,1,4,0
158075,61043,1,3,0
158075,124474,1,4,0
158075,8601,1,4,0
158075,1386313,1,4,0
158075,242654,1,4,0
158149,759,1,3,0
158149,59793,1,5,0
158149,1123,1,1,0
158149,1218,1,3,0
158149,423,1,4,0
158149,871,1,3,0
158149,145219,1,3,0
158149,28766,1,5,0
158149,14664,1,3,0
158149,1368,1,5,0
159455,22426,1,3,0
159455,21682,1,4,0
159455,6810,1,5,0
159455,1504,1,5,1
159455,139373,1,4,0
159455,4948,1,4,0
159455,51923,1,5,0
159455,243773,1,2,0
159455,423,1,3,0
159455,5139,1,3,1
159455,19430,1,3,1
159455,1007591,1,5,1
159455,107020,1,2,0
159455,759,1,3,0
159455,67397,1,3,1
159455,6057,1,5,0
159455,127672,1,4,0
160276,759,1,4,0
160276,1123,1,5,0
160276,941,1,5,0
160276,8703,1,2,0
160276,17125,1,3,0
160276,12923,1,3,1
160276,14318,1,5,0
160276,13119,1,3,0
160276,77505,1,4,0
160276,31924,1,3,0
160276,68513,1,2,1
161625,921528,1,4,0
161625,51606,1,4,0
161625,51603,1,4,0
161625,941,1,5,0
161625,3815,1,4,0
161625,310986,1,4,0
161625,972389,1,4,0
161625,156460,1,3,0
161625,529971,1,4,0
161625,511392,1,4,0
161625,110964,1,5,1
161625,5891,1,3,1
161625,427303,1,4,0
161625,271276,1,3,0
161625,1531820,1,4,1
161625,998064,1,4,1
162125,941,1,5,0
162125,48666,1,3,0
162125,25790,1,3,0
162125,38263,1,3,0
162125,389563,1,3,0
162125,6810,1,3,0
162125,67397,1,3,0
162125,220680,1,3,0
162125,40372,1,4,0
162487,1218,1,1,1
162487,64416,1,4,0
162487,46487,1,3,0
162487,22425,1,5,0
162487,13119,1,5,0
162487,423,1,5,0
162487,759,1,4,0
162487,941,1,3,0
162487,16298,1,5,0
162487,31862,1,5,0
162487,17123,1,5,0
162487,872,1,4,0
162487,14812,1,2,0
162487,30574,1,2,0
162487,1123,1,4,0
162487,91714,1,2,0
162487,85574,1,5,0
162487,428,1,3,0
162487,6810,1,3,0
162487,71189,1,5,0
162487,8703,1,3,0
162487,46787,1,5,1
162487,1368,1,5,1
162487,37546,1,4,0
162487,16192,1,4,0
162487,7909,1,4,1
162487,1366,1,4,1
162487,17722,1,4,0
162487,8600,1,4,1
162732,759,1,3,0
162732,941,1,5,0
162732,1123,1,4,1
162732,25946,1,5,0
162732,14664,1,2,0
162732,13470,1,4,0
162732,519727,1,4,1
162732,72453,1,4,1
162732,37408,1,3,1
163724,759,1,3,0
163724,19137,1,3,0
163724,19534,1,4,0
163724,13146,1,4,0
163724,62573,1,4,0
163724,941,1,4,0
163724,175141,1,4,1
163724,6956,1,3,0
163724,14064,1,3,0
163724,128236,1,3,0
163724,537338,1,4,0
163724,73073,1,5,1
163724,81014,1,3,0
163724,14318,1,4,0
163724,22426,1,4,0
163724,1504,1,5,0
163724,239644,1,3,0
164706,66559,1,3,0
164706,47626,1,3,0
164706,941,1,5,0
164706,47622,1,3,0
164706,25016,1,4,0
164706,37328,1,4,0
164706,12923,1,4,0
164706,22618,1,2,0
164706,18261,1,4,0
164706,5738,1,2,0
164706,39792,1,3,0
164706,8600,1,3,0
164706,16564,1,2,1
164706,18603,1,3,0
164706,6956,1,2,0
164706,1368,1,4,0
164706,1366,1,2,0
164706,1504,1,3,0
164706,17364,1,4,0
164706,40372,1,3,0
165050,941,1,5,0
165050,22426,1,5,0
165050,428,1,3,1
165050,423,1,5,0
165050,14233,1,4,0
165050,13912,1,5,0
165050,89053,1,4,0
165050,61974,1,3,0
165050,41033,1,3,0
165050,13872,1,4,0
165050,14948,1,3,0
165050,39792,1,4,0
165050,224220,1,3,0
165050,759,1,3,0
165050,21682,1,3,0
165050,151780,1,4,0
165050,1123,1,3,0
165050,13119,1,4,0
165050,871,1,2,0
165050,870,1,3,0
165050,145219,1,3,0
165050,21337,1,3,0
165050,29478,1,4,0
165050,13270,1,3,0
165050,44128,1,5,1
166090,23056,1,5,0
166090,71247,1,4,0
166090,47180,1,4,0
166090,1123,1,3,1
166090,186844,1,4,0
166090,22426,1,4,0
166090,46654,1,5,0
166090,18261,1,4,0
166090,77690,1,4,0
166090,21290,1,4,0
166090,462548,1,4,0
166090,523067,1,4,0
166090,333325,1,3,0
166090,41994,1,4,0
166090,75576,1,2,0
166090,618940,1,4,0
166090,14812,1,3,0
166090,58944,1,5,0
166090,348543,1,3,0
166090,71189,1,4,0
166090,152557,1,3,0
166090,12923,1,5,0
166090,1366,1,5,0
166090,47493,1,3,0
166090,60223,1,5,0
166090,7909,1,3,1
166090,130440,1,3,0
166090,512190,1,3,0
166090,633049,1,3,0
166863,39792,1,5,0
166863,14069,1,4,0
166863,1123,1,3,0
166863,759,1,5,0
166863,22426,1,4,0
166863,21337,1,4,0
166863,1368,1,4,1
166863,423,1,4,0
166863,33996,1,5,1
166863,12969,1,5,0
166863,941,1,5,0
166863,18261,1,3,0
167347,85574,1,3,0
167347,22426,1,4,0
167347,61663,1,1,0
167347,1218,1,4,0
167347,14318,1,5,0
167347,16298,1,3,0
167347,77728,1,3,0
167347,39792,1,4,0
167347,13119,1,4,0
167347,759,1,5,0
167347,14233,1,3,0
167347,12969,1,4,0
167347,941,1,5,0
167347,423,1,5,0
168009,77728,1,5,0
168009,941,1,3,0
168009,45681,1,5,0
168009,14318,1,2,0
168009,105679,1,5,0
168009,759,1,2,0
168009,16298,1,2,0
168009,459869,1,4,0
168009,45685,1,4,0
168009,545983,1,5,0
168009,22426,1,3,0
168009,428,1,2,1
168009,1504,1,5,1
168009,39792,1,3,1
168009,14455,1,4,0
168009,44543,1,5,1
172606,1218,1,5,0
172606,16298,1,5,0
172606,17998,1,5,0
172606,1366,1,5,0
172606,8600,1,4,0
172606,101483,1,3,0
172606,28240,1,5,0
172606,26092,1,4,0
172606,941,1,5,0
173179,1067,1,3,0
173179,79712,1,5,0
173179,65515,1,4,0
173179,12523,1,4,0
173179,9752,1,5,0
173179,61049,1,4,0
173179,179411,1,4,0
173179,23792,1,3,0
173179,298273,1,4,0
173179,10570,1,3,0
173179,244523,1,5,0
173179,9551,1,5,0
173179,61043,1,3,0
173179,124474,1,4,0
173179,53179,1,3,0
173375,14318,1,5,0
173375,58944,1,4,0
173375,50621,1,1,0
173375,2015,1,3,1
173375,941,1,5,0
173375,2369,1,4,1
173375,1067,1,3,1
173375,10775,1,2,1
173375,223630,1,2,0
173375,21682,1,3,0
173375,17722,1,4,0
173375,77728,1,4,0
173812,18261,1,3,0
173812,941,1,5,0
173812,38262,1,3,0
173812,21339,1,4,0
173812,6297,1,3,0
173812,50621,1,3,0
173812,2369,1,5,0
173812,37261,1,4,0
173812,37153,1,4,0
173812,1504,1,5,0
173812,1067,1,4,0
173812,39876,1,5,1
174371,50811,1,4,0
174371,116594,1,3,0
174371,116592,1,3,0
174371,162089,1,5,0
174371,207557,1,4,0
174371,60222,1,5,0
174371,27507,1,5,0
174371,720718,1,5,0
174371,60220,1,5,0
174371,44128,1,3,0
174371,227443,1,4,0
174371,43730,1,3,0
174371,43739,1,3,0
174371,43738,1,4,0
174371,11339,1,5,0
174371,43737,1,4,0
174371,662613,1,4,0
174371,43228,1,4,0
174371,103164,1,3,0
174371,411992,1,4,0
174823,941,1,4,1
174823,871,1,3,0
174823,870,1,2,0
174823,16298,1,4,1
174823,1167,1,3,0
174823,1218,1,5,1
174823,24968,1,2,0
174823,22427,1,3,0
174823,14318,1,4,0
174823,39792,1,4,0
174823,40260,1,3,0
174823,22426,1,4,0
174823,759,1,3,0
174823,125959,1,4,1
174823,12923,1,4,1
174823,105074,1,3,1
174823,9556,1,3,1
174823,1504,1,5,1
175308,43564,1,3,0
175308,218729,1,3,0
175308,41819,1,4,0
175308,87702,1,4,0
175308,44446,1,4,0
175308,676965,1,5,0
175308,232111,1,4,0
175308,251907,1,4,0
175308,310276,1,4,0
175308,60180,1,4,0
175308,524792,1,5,0
175308,87482,1,4,0
175308,87505,1,4,0
175308,290435,1,5,0
175308,515188,1,4,0
175308,143171,1,4,0
175308,1203927,1,3,0
175308,30065,1,3,1
175592,1123,1,5,0
175592,1218,1,5,0
175592,1167,1,5,0
175592,39792,1,5,0
175592,607466,1,3,0
175592,31924,1,3,0
175592,13270,1,5,0
175592,15196,1,4,0
175592,22426,1,4,0
175592,13119,1,3,0
175592,282084,1,4,0
175592,24968,1,4,0
175592,423,1,3,0
175592,870,1,3,0
175592,14233,1,3,0
175592,31923,1,5,0
175592,22427,1,4,0
175592,14812,1,3,0
175592,288840,1,3,0
175592,36253,1,5,0
175592,105251,1,3,0
179026,19534,1,3,0
179026,21682,1,3,0
179026,19137,1,4,0
179026,941,1,1,0
179026,16298,1,4,0
179026,14318,1,3,0
179026,105679,1,5,0
179026,59854,1,2,0
179026,16192,1,3,0
179026,1123,1,2,0
179026,24965,1,5,0
179026,239644,1,4,0
179026,48002,1,4,0
180320,941,1,4,0
180320,759,1,3,0
180320,25016,1,4,0
180320,14318,1,3,0
180320,12922,1,4,0
180320,13146,1,3,0
180320,78393,1,3,0
180320,1366,1,3,0
180320,22427,1,4,0
180320,21682,1,3,0
180320,8600,1,4,0
180530,25946,1,3,0
180530,5419,1,4,1
180530,5418,1,4,0
180530,2368,1,3,1
180530,2557,1,3,1
180530,1504,1,5,1
180530,93315,1,3,1
180530,2367,1,3,0
180530,50621,1,4,1
180530,22208,1,4,1
180530,14318,1,5,1
180530,72855,1,5,1
180530,78234,1,4,1
180530,110871,1,2,1
180530,120829,1,5,0
180654,423,1,5,0
180654,428,1,5,0
180654,22426,1,5,0
180654,1218,1,4,0
180654,53774,1,5,0
180654,17364,1,5,1
180654,1368,1,5,1
180654,71453,1,5,0
180654,1367,1,4,0
180654,7909,1,5,0
180654,18600,1,5,1
180654,65338,1,4,0
180654,18261,1,3,1
180924,61661,1,4,0
180924,39792,1,5,0
180924,14318,1,5,0
180924,84265,1,5,0
180924,159320,1,5,0
180924,41033,1,5,0
180924,42528,1,5,0
180924,28662,1,3,0
180924,151780,1,4,0
180924,77507,1,5,0
180924,13194,1,4,0
180924,21337,1,5,0
180924,13764,1,5,0
180924,941,1,2,0
180924,13119,1,4,0
180924,12920,1,5,0
180924,14176,1,4,0
180924,21682,1,3,0
180924,13765,1,4,0
180924,68615,1,4,0
180924,22426,1,4,0
180924,204980,1,5,0
180924,21188,1,5,0
180924,642612,1,4,0
180924,16192,1,5,0
180924,969260,1,5,0
180924,28424,1,5,0
180924,6956,1,5,0
180924,1123,1,5,0
180924,59793,1,5,0
180924,100280,1,4,0
180924,13113,1,4,0
180967,12969,1,5,0
180967,40889,1,1,1
180967,85574,1,3,0
180967,8172,1,5,0
180967,116136,1,4,0
180967,466761,1,4,0
180967,99984,1,1,1
180967,12923,1,5,1
180967,68354,1,4,1
180967,941,1,3,1
180967,28729,1,5,0
180967,54593,1,5,1
180967,30065,1,5,0
180967,22208,1,5,1
180967,17998,1,5,0
182622,1123,1,4,0
182622,13146,1,4,0
182622,759,1,3,0
182622,17722,1,3,0
182622,12969,1,2,0
182622,50811,1,3,0
182622,21337,1,1,0
182622,186074,1,3,0
182622,423,1,4,0
182622,39792,1,4,0
182622,32649,1,4,0
182622,175242,1,4,0
182622,1368,1,4,0
182622,100214,1,1,1
182622,68354,1,4,0
182622,91714,1,4,0
182622,41033,1,4,0
182622,50722,1,3,0
182622,1218,1,1,0
182622,1167,1,4,0
182622,317994,1,4,0
182622,221785,1,2,0
183850,1123,1,3,0
183850,759,1,4,0
183850,14318,1,4,1
183850,16298,1,4,0
183850,219421,1,3,0
183850,941,1,5,0
183850,29397,1,2,1
183850,1368,1,3,1
183850,1366,1,4,1
183850,17998,1,5,1
183850,40372,1,3,0
184973,1167,1,2,0
184973,759,1,4,0
184973,1123,1,3,0
184973,1218,1,4,0
184973,423,1,4,0
184973,428,1,4,0
184973,870,1,5,0
184973,22426,1,3,0
184973,21337,1,4,0
184973,13119,1,5,0
184973,58350,1,4,0
184973,159296,1,5,0
184973,22473,1,5,0
184973,39792,1,4,0
184973,145219,1,3,0
184973,874,1,3,0
184973,46787,1,5,0
184973,17722,1,3,0
184973,85574,1,1,0
186622,12969,1,3,0
186622,941,1,5,0
186622,1067,1,4,0
186622,1218,1,4,0
186622,1123,1,4,0
186622,759,1,3,0
186622,397056,1,3,0
186622,13119,1,4,0
186622,1368,1,5,0
186622,50722,1,4,0
186622,13146,1,4,0
186622,40372,1,4,0
186913,54944,1,4,0
186913,31924,1,5,0
186913,31923,1,5,0
186913,91714,1,5,0
186913,253854,1,5,0
186913,39792,1,5,0
186913,77507,1,4,0
186913,46484,1,5,0
186913,28564,1,5,0
186913,423,1,5,0
186913,759,1,5,0
186913,14812,1,5,0
186913,1218,1,4,0
186913,21337,1,5,0
186913,17722,1,5,0
186913,1368,1,5,0
186913,31862,1,4,0
186913,8703,1,5,1
187238,16298,1,4,0
187238,16192,1,5,0
187238,13470,1,4,0
187238,22425,1,4,1
187238,7672,1,5,1
187238,77507,1,4,0
187238,21337,1,5,0
187238,1123,1,4,0
187238,22427,1,2,0
187238,1368,1,5,0
187238,759,1,5,0
188000,759,1,4,0
188000,14684,1,4,0
188000,1123,1,5,0
188000,941,1,3,0
188000,17123,1,4,0
188000,54276,1,5,0
188000,54270,1,5,0
188000,1067,1,3,0
188000,1368,1,4,0
188000,39792,1,4,0
188000,50811,1,4,0
188000,12923,1,3,0
188000,42528,1,4,0
188000,13119,1,4,0
188000,13912,1,4,0
188143,14684,1,3,0
188143,1218,1,4,0
188143,1123,1,5,0
188143,16298,1,3,0
188143,941,1,5,0
188143,428,1,4,0
188143,759,1,5,0
188143,39792,1,4,0
188143,14812,1,2,0
188143,50811,1,1,1
188143,12923,1,5,0
188143,22426,1,5,0
188143,18261,1,4,1
188143,1368,1,4,0
188143,1366,1,4,0
188597,17162,1,4,0
188597,941,1,3,0
188597,68513,1,5,1
188597,267973,1,5,0
188597,78352,1,4,0
188597,35052,1,3,0
188597,94064,1,2,0
188597,759,1,2,0
188597,428,1,2,0
188597,13270,1,3,0
188597,15196,1,5,0
188597,22426,1,2,0
190440,14233,1,5,0
190440,13872,1,5,0
190440,1067,1,4,0
190440,16298,1,4,0
190440,22426,1,4,0
190440,941,1,5,0
190440,21682,1,3,0
190440,85574,1,3,0
190440,19534,1,4,0
190440,423,1,3,0
190440,145219,1,3,0
190440,22427,1,3,1
190752,18804,1,5,1
190752,759,1,4,0
190752,1123,1,5,0
190752,941,1,3,0
190752,423,1,5,0
190752,428,1,5,0
190752,13119,1,4,0
190752,16298,1,4,0
190752,31862,1,5,0
190752,404122,1,4,0
190752,14684,1,5,1
190752,77728,1,4,0
190752,22426,1,4,0
190752,169427,1,4,0
190752,107064,1,5,1
190752,142773,1,4,0
190752,77690,1,5,0
190752,105679,1,5,0
190752,68615,1,4,0
190752,105792,1,4,0
190752,317102,1,5,0
190752,81048,1,4,1
190752,53733,1,5,1
192880,872,1,3,0
192880,1123,1,3,0
192880,1218,1,3,0
192880,778380,1,4,0
192880,871,1,3,0
192880,12923,1,4,0
192880,14948,1,3,0
192880,870,1,3,0
192880,874,1,3,0
192880,50811,1,3,0
192880,1067,1,4,0
193302,13194,1,4,1
193302,759,1,4,0
193302,13270,1,4,0
193302,17581,1,3,0
193302,145219,1,5,0
193302,6956,1,4,0
193302,871,1,5,0
193302,874,1,4,0
193302,872,1,5,0
193302,941,1,4,0
193302,68354,1,4,0
193302,85574,1,5,0
193302,870,1,3,0
193302,1368,1,4,0
193302,7909,1,4,1
193302,1067,1,4,0
193302,147842,1,4,0
193923,12923,1,4,0
193923,27500,1,4,0
193923,50811,1,4,0
193923,162089,1,4,0
193923,23791,1,5,0
193923,46485,1,5,0
193923,105074,1,4,0
193923,2058,1,4,0
193923,41781,1,3,0
193923,52549,1,3,0
193923,2557,1,5,0
193923,2368,1,4,0
193923,107020,1,4,0
193923,511329,1,4,0
193923,2811,1,4,0
193923,1366,1,3,0
193923,2367,1,4,0
193923,120829,1,5,0
193923,37408,1,4,0
193923,18128,1,5,0
193923,17722,1,5,0
193923,1368,1,5,0
193923,21339,1,4,0
193923,42662,1,3,1
193923,19430,1,5,1
193923,37069,1,2,1
193923,57357,1,3,1
193923,414390,1,4,0
193923,274465,1,4,1
193923,39876,1,3,1
193923,78234,1,3,1
193923,19631,1,4,0
194193,12969,1,3,0
194193,89053,1,3,0
194193,58944,1,3,0
194193,85574,1,3,0
194193,68513,1,3,0
194193,6297,1,3,0
194193,22209,1,4,0
194193,13470,1,4,0
194193,23791,1,3,0
194193,12923,1,3,0
194193,71247,1,3,0
194193,7909,1,3,0
194193,16298,1,4,0
194193,93315,1,4,0
194193,22207,1,3,0
194193,21339,1,3,0
194193,54276,1,3,0
194193,122731,1,3,0
194193,54270,1,3,0
194193,1368,1,4,0
194193,110871,1,4,0
194193,1366,1,4,0
194193,12523,1,3,0
194193,5415,1,3,0
194193,78234,1,3,0
194193,129114,1,3,0
194591,1218,1,1,1
194591,533639,1,3,1
194591,18803,1,3,1
194591,427688,1,4,1
194591,17722,1,4,1
194591,658345,1,3,1
194591,146288,1,3,1
194591,386333,1,5,1
194591,14812,1,4,1
194591,1004385,1,4,1
194591,106546,1,3,1
194591,72457,1,3,1
194591,72854,1,5,1
194591,80841,1,4,1
194591,752704,1,3,1
194591,72453,1,3,1
194591,1420148,1,4,1
194797,423,1,5,0
194797,6956,1,2,0
194797,5414,1,4,0
194797,19137,1,2,1
194797,874,1,4,0
194797,185910,1,5,0
194797,6057,1,3,0
194797,3072,1,4,1
194797,28729,1,3,0
194797,941,1,4,0
194797,12876,1,3,0
194797,88867,1,2,0
194797,28424,1,4,0
194797,238360,1,4,0
194797,100214,1,2,0
194797,401035,1,3,0
194797,425,1,4,0
194797,246305,1,3,0
194797,1218,1,4,0
194797,709434,1,4,0
194797,18025,1,4,0
195709,14064,1,2,0
195709,6956,1,2,0
195709,307716,1,4,0
195709,941,1,5,0
195709,423,1,2,0
195709,21337,1,2,0
195709,428,1,1,0
195709,16298,1,2,0
195709,19137,1,1,0
195709,5415,1,2,0
195709,759,1,3,0
195709,1123,1,1,0
195709,1368,1,4,0
195709,28240,1,3,0
195709,18603,1,4,0
196710,2557,1,5,0
196710,50621,1,4,0
196710,19534,1,4,0
196710,5419,1,4,0
196710,5418,1,4,0
196710,50811,1,3,0
196710,5210,1,2,0
196710,5139,1,3,0
196710,941,1,5,0
196710,6689,1,3,0
196710,12923,1,3,0
196710,2015,1,2,0
196710,56912,1,1,0
196710,56913,1,1,0
196710,6810,1,3,0
196710,16298,1,2,0
196710,759,1,5,0
196710,1504,1,5,0
196710,30065,1,4,0
196710,19430,1,4,0
196710,28240,1,4,0
197737,104159,1,3,0
197737,23404,1,4,0
197737,12622,1,4,0
197737,9961,1,5,0
197737,9755,1,5,0
197737,314647,1,2,0
197737,10616,1,1,0
197737,9553,1,3,0
197737,79626,1,3,0
199273,941,1,5,0
199273,759,1,5,0
199273,14318,1,5,0
199273,50937,1,4,0
199273,28662,1,5,0
199273,1218,1,5,0
199273,93315,1,3,0
199273,38560,1,4,0
199273,38068,1,4,0
199273,484422,1,4,0
199273,16298,1,5,0
199273,68318,1,4,0
199273,82318,1,4,0
199273,14948,1,5,0
199273,13470,1,5,0
199273,879001,1,5,0
199813,413965,1,4,0
199813,8172,1,5,0
199813,18803,1,5,0
199813,143467,1,4,0
199813,143469,1,4,0
199813,14948,1,5,0
199813,14064,1,2,0
199813,60223,1,5,0
199813,85574,1,5,0
199813,759,1,5,0
199813,351708,1,5,0
199813,13119,1,5,0
199813,436582,1,4,0
199813,14318,1,5,0
199813,51603,1,4,0
199813,1122929,1,3,1
199813,13872,1,5,0
199813,383019,1,4,0
199813,60224,1,4,0
199813,18804,1,5,0
199813,30574,1,4,0
199813,42528,1,4,0
199813,108626,1,5,0
199813,60220,1,4,0
199813,16298,1,4,0
199813,600064,1,4,0
199813,159056,1,3,0
199813,870,1,4,0
199813,40372,1,4,0
199813,21337,1,4,0
199813,108445,1,4,1
199813,17364,1,4,1
199843,4360,1,5,0
199843,19337,1,5,0
199843,19333,1,5,0
199843,6810,1,5,0
199843,6057,1,5,0
199843,5131,1,5,0
199843,5898,1,5,0
199843,6689,1,5,0
199843,23053,1,5,0
199843,26936,1,5,0
199843,19137,1,5,0
199843,61049,1,5,0
199843,68519,1,5,0
199843,2934,1,5,0
199843,2933,1,5,0
199843,2932,1,5,0
199843,12321,1,5,0
199843,4944,1,5,0
199843,12523,1,5,0
199843,51606,1,5,0
199843,51603,1,5,0
199843,75605,1,1,0
199843,4948,1,1,0
199843,68513,1,1,0
199843,58764,1,5,0
199843,5139,1,5,0
199843,242654,1,1,0
199843,22774,1,1,0
199843,13912,1,1,0
199843,5891,1,1,0
199843,9551,1,5,0
199843,9752,1,5,0
199843,39796,1,5,0
199843,39795,1,5,0
199843,39798,1,5,0
199843,110871,1,5,0
199843,61043,1,5,0
199843,5893,1,5,0
199843,574420,1,5,0
200378,759,1,4,0
200378,941,1,4,0
200378,1123,1,5,0
200378,16298,1,4,0
200378,21337,1,4,0
200378,22426,1,3,0
200378,367746,1,4,0
200378,35052,1,5,0
200378,871,1,1,0
200378,870,1,2,0
200378,50811,1,5,1
200378,102242,1,4,1
200378,58944,1,5,1
200378,77505,1,4,1
200378,148472,1,3,0
200378,68314,1,4,1
200378,15196,1,2,1
200378,120829,1,4,1
203056,6956,1,3,0
203056,14064,1,4,0
203056,13119,1,4,0
203056,14318,1,5,0
203056,941,1,5,0
203056,15196,1,5,0
203056,25946,1,5,0
203056,61663,1,1,0
203056,759,1,4,0
203056,16298,1,5,0
203056,871,1,2,0
203056,50811,1,4,0
203056,62101,1,3,0
203056,24968,1,4,0
203056,41994,1,3,0
203056,17364,1,4,0
203056,58944,1,4,0
203056,12923,1,3,0
203056,71235,1,3,0
203056,47621,1,3,0
203056,47624,1,4,0
203056,47622,1,4,0
203056,47626,1,4,0
203056,159056,1,5,0
203170,941,1,5,1
203170,871,1,3,0
203170,872,1,4,0
203170,16298,1,4,0
203170,870,1,3,0
203170,14233,1,5,0
203170,107611,1,4,0
203170,47621,1,5,1
203170,47626,1,4,0
203170,47622,1,5,0
203170,383019,1,5,0
203170,1288488,1,4,0
203170,28660,1,4,0
203170,5345,1,5,0
203170,50811,1,5,1
203170,174713,1,5,1
203170,126195,1,5,0
203170,826941,1,5,1
203170,28662,1,5,0
203170,1218,1,4,0
203170,14318,1,4,0
203170,61663,1,5,0
203170,278228,1,5,1
203170,278227,1,5,1
203170,51106,1,5,1
203360,1218,1,4,0
203360,25946,1,3,0
203360,22427,1,4,0
203360,333063,1,3,0
203360,58350,1,4,0
203360,73073,1,4,0
203360,13470,1,5,0
203360,37057,1,5,0
203360,126233,1,5,0
203360,26092,1,5,0
203360,1504,1,4,0
203545,14318,1,5,0
203545,941,1,5,0
203545,759,1,5,0
203545,77505,1,4,0
203545,106543,1,5,0
203545,1368,1,5,0
203545,1218,1,2,0
203545,1366,1,2,0
203590,759,1,5,0
203590,68519,1,5,0
203590,27500,1,5,0
203590,1123,1,5,0
203590,19137,1,5,0
203590,14318,1,5,0
203590,12969,1,5,0
203590,12923,1,5,1
203590,5891,1,5,0
203590,5890,1,5,0
203590,5131,1,5,0
203590,221533,1,5,0
204237,941,1,4,0
204237,48978,1,4,0
204237,48974,1,4,0
204237,207557,1,5,0
204237,274621,1,4,0
204237,242592,1,3,0
204237,342445,1,5,0
204237,22426,1,3,0
204237,1123,1,4,0
204237,351708,1,4,0
204237,6956,1,5,0
204237,423,1,2,0
204237,14064,1,4,0
204237,403648,1,2,0
204237,166560,1,2,0
204237,58944,1,4,0
204237,10959,1,3,0
204237,10570,1,4,0
204237,10417,1,3,0
204237,61049,1,3,0
204237,761793,1,4,0
204923,941,1,5,0
204923,19137,1,3,0
204923,51603,1,5,0
204923,51605,1,4,0
204923,27507,1,4,0
204923,26936,1,3,0
204923,91055,1,3,0
204923,16298,1,2,0
204923,207916,1,2,0
204923,14318,1,5,1
204923,1123,1,3,0
204923,759,1,3,0
204923,5415,1,2,0
204923,5891,1,4,1
204923,55218,1,3,0
204923,6810,1,3,0
204923,12622,1,4,1
204923,66172,1,4,0
204923,2936,1,2,1
204923,27343,1,4,0
204923,71419,1,3,0
204923,412242,1,2,0
204923,403642,1,4,0
204923,5665,1,5,1
204923,459869,1,4,0
204923,87482,1,5,0
204923,17364,1,3,0
204923,37546,1,3,1
204923,6956,1,2,0
204923,14064,1,3,0
204923,10613,1,4,1
204923,10570,1,3,0
204923,14455,1,4,0
204923,142773,1,3,0
204923,1988,1,3,1
204923,60224,1,2,0
204923,60222,1,3,0
204923,60223,1,2,0
204923,60220,1,3,0
204923,351402,1,2,0
204923,364091,1,3,0
204923,54593,1,4,0
204923,54594,1,4,0
204923,364141,1,3,0
204923,364101,1,4,0
204923,15195,1,4,0
204923,185151,1,1,0
204923,14271,1,3,0
204923,433218,1,2,0
204923,91056,1,4,0
204923,46190,1,3,0
204923,41819,1,3,0
204923,58944,1,4,0
204923,10775,1,4,1
204923,61043,1,1,0
204923,110871,1,4,0
205836,759,1,5,0
205836,60224,1,4,0
205836,564116,1,3,0
205836,41781,1,4,0
205836,60220,1,4,0
205836,1218,1,3,0
205836,1123,1,4,0
205836,941,1,5,1
205836,40484,1,4,1
205836,189182,1,4,0
205836,23791,1,4,0
205836,185117,1,4,0
205836,31864,1,3,0
205836,110871,1,4,0
207009,1123,1,5,0
207009,759,1,5,0
207009,423,1,4,0
207009,22426,1,4,0
207009,101021,1,4,0
207009,16298,1,4,0
207009,1218,1,5,0
207009,1368,1,4,0
207009,1167,1,4,0
207009,14812,1,4,0
207009,871,1,4,0
207009,870,1,4,0
207009,1366,1,4,0
207009,99284,1,4,0
207009,7909,1,4,0
207009,2015,1,4,0
207009,164531,1,4,0
207009,1060945,1,4,0
207009,357792,1,4,0
207009,24270,1,4,0
207009,28767,1,4,0
207009,25673,1,3,0
207009,359062,1,4,0
207463,81662,1,3,0
207463,13470,1,3,1
207463,22425,1,3,0
207463,24968,1,5,1
207463,37997,1,5,1
207463,386333,1,5,0
207463,60720,1,4,0
207463,72854,1,4,0
207463,80841,1,4,0
207463,68615,1,3,0
207463,941,1,3,0
207463,72855,1,3,0
207463,57049,1,5,0
207463,584876,1,4,0
208589,941,1,5,0
208589,6689,1,4,0
208589,21339,1,3,0
208589,39796,1,4,0
208589,12923,1,2,0
208589,10534,1,3,0
208589,9073,1,1,0
208589,176744,1,3,0
208589,462242,1,2,0
209093,5415,1,5,1
209093,1048606,1,4,1
209093,253566,1,2,0
209093,25946,1,4,1
209093,22427,1,4,1
209093,1368906,1,3,1
209093,50811,1,4,1
209093,12923,1,3,1
209093,1151567,1,3,1
209093,48104,1,3,1
209093,13470,1,3,1
209093,1067,1,3,1
209093,941,1,5,1
209093,40372,1,3,1
210332,1067,1,4,0
210332,14948,1,3,0
210332,16298,1,4,0
210332,870,1,5,0
210332,941,1,5,0
210332,872,1,3,0
210332,423,1,3,0
210332,13270,1,5,0
210332,40372,1,5,1
210332,874,1,3,0
211236,2369,1,4,0
211236,12923,1,3,0
211236,2368,1,4,0
211236,21339,1,4,0
211236,19137,1,4,0
211236,5139,1,4,0
211236,2367,1,4,0
211236,1988,1,4,0
211236,5210,1,4,0
211236,5891,1,3,0
211236,5890,1,4,0
211236,62101,1,5,0
211236,27500,1,4,0
211236,58764,1,4,0
211236,58944,1,4,0
211236,58930,1,4,0
211236,26936,1,4,0
211236,68519,1,4,0
211236,6689,1,4,0
211236,2661,1,4,0
211236,5066,1,4,0
211236,5131,1,4,0
211236,51106,1,4,0
211236,511477,1,4,0
211236,3532,1,4,0
211236,820589,1,4,0
211236,51606,1,4,0
211236,2404,1,5,0
211236,27507,1,4,0
211236,5665,1,5,0
211236,61049,1,4,0
211236,27000,1,4,0
211236,53179,1,4,0
211236,526627,1,4,0
211236,10570,1,4,0
214338,1218,1,1,0
214338,13194,1,1,0
214338,17123,1,5,0
214338,91715,1,4,0
214338,1123,1,5,1
214338,16618,1,1,0
214338,759,1,1,0
214338,68354,1,4,0
214338,12923,1,1,0
214338,12922,1,3,0
214338,17031,1,2,0
214338,1167,1,5,0
214338,40889,1,2,0
214338,17998,1,3,0
214951,6956,1,3,0
214951,14064,1,3,0
214951,2369,1,5,0
214951,23056,1,3,0
214951,58944,1,5,0
214951,19430,1,3,1
214951,1504,1,5,1
214951,37153,1,4,1
214951,18128,1,4,0
214952,759,1,3,0
214952,1123,1,1,0
214952,1067,1,4,0
214952,174713,1,3,0
214952,48974,1,3,0
214952,941,1,5,0
214952,59854,1,4,0
214952,16298,1,3,0
214952,37408,1,4,0
214952,2369,1,4,0
214952,19430,1,5,0
214952,39876,1,4,0
214952,40372,1,4,0
215676,941,1,5,0
215676,16298,1,5,0
215676,24965,1,3,0
215676,14318,1,3,0
215676,22427,1,3,0
215676,77728,1,3,0
215676,423,1,4,0
215676,39792,1,4,0
215676,40260,1,4,0
215676,428,1,3,0
215676,21682,1,4,0
215676,21837,1,4,0
215676,654025,1,3,0
215676,176473,1,4,0
215676,176474,1,4,0
215676,823485,1,5,0
215676,22349,1,1,1
215676,24964,1,5,0
215676,46484,1,4,0
215676,12969,1,5,0
215676,21339,1,3,0
215676,37997,1,5,0
215676,37057,1,5,0
215676,1368,1,4,0
216159,25946,1,3,0
216159,68513,1,4,0
216159,1123,1,3,0
216159,16298,1,4,0
216159,1218,1,2,0
216159,5415,1,4,0
216159,5414,1,3,0
216159,19534,1,3,0
216159,58930,1,4,0
216159,38263,1,3,0
216159,13119,1,3,0
216159,4944,1,3,0
216159,58944,1,4,0
216159,22425,1,5,0
216159,27500,1,4,0
216159,12969,1,4,0
216159,62573,1,3,0
216159,13146,1,4,0
216159,5371,1,3,0
216159,2811,1,3,0
216418,19137,1,3,0
216418,105711,1,3,0
216418,428,1,3,0
216418,759,1,4,0
216418,941,1,4,0
216418,51881,1,4,0
216418,48666,1,4,0
216418,176474,1,4,0
216418,176473,1,4,0
216418,27400,1,3,0
216418,16298,1,3,0
216418,22426,1,3,0
216418,423,1,4,0
216418,152387,1,3,0
216418,152385,1,5,0
216418,165134,1,5,0
216418,9073,1,3,0
216418,61043,1,4,1
218269,52953,1,2,0
218269,4944,1,2,1
218269,1123,1,3,0
218269,17722,1,4,0
218269,22425,1,4,0
218269,62573,1,4,1
218269,91714,1,4,0
218269,52549,1,4,1
218269,5417,1,4,1
218269,107020,1,2,1
218269,50621,1,3,1
218269,1504,1,5,1
218269,573779,1,3,0
218943,759,1,3,0
218943,37328,1,4,0
218943,33539,1,4,0
218943,116594,1,5,0
218943,116592,1,5,0
218943,24968,1,5,0
218943,62101,1,5,0
218943,12969,1,5,0
218943,18261,1,5,0
218943,61926,1,5,0
218943,23792,1,3,0
218943,162089,1,5,0
218943,1123,1,2,0
218943,50811,1,4,0
218943,4530,1,4,0
218943,58944,1,4,0
218943,60223,1,4,0
218943,68519,1,3,0
218943,60224,1,4,0
218943,60222,1,4,0
218943,60220,1,4,0
218943,23791,1,4,0
219289,36253,1,2,0
219289,423,1,5,0
219289,759,1,5,0
219289,941,1,4,0
219289,22426,1,5,0
219289,1123,1,3,0
219289,14318,1,3,0
219289,359407,1,4,0
219289,176228,1,5,1
219289,105792,1,4,0
219289,40260,1,5,0
219289,18261,1,4,0
219289,25673,1,4,0
219289,7909,1,5,1
219289,1368,1,4,0
219289,18600,1,4,1
219771,21337,1,4,0
219771,759,1,5,1
219771,39031,1,4,0
219771,7672,1,3,1
219771,12923,1,1,1
219771,14665,1,5,1
219771,123924,1,5,1
219771,13146,1,1,1
219771,22207,1,3,1
219771,573779,1,3,1
219771,1367,1,2,1
219771,54220,1,3,1
219771,29397,1,4,1
219771,159320,1,4,1
221553,1123,1,5,0
221553,23053,1,3,0
221553,759,1,5,0
221553,2933,1,4,0
221553,10775,1,4,0
221553,10570,1,4,0
221553,2661,1,5,0
221553,10959,1,5,0
221553,9438,1,4,0
221553,12622,1,3,0
221553,161972,1,3,0
221553,244523,1,4,1
222364,1218,1,5,0
222364,174795,1,4,0
222364,759,1,4,0
222364,2557,1,5,0
222364,1368,1,5,0
222364,1067,1,5,0
222364,104610,1,4,0
222364,1123,1,5,0
222364,5139,1,5,0
222364,19534,1,5,0
222364,2369,1,5,0
222364,50811,1,5,0
222364,182745,1,5,0
222364,105074,1,5,0
222364,10775,1,5,0
222364,23054,1,5,0
222364,5210,1,5,0
222364,22207,1,5,0
222364,71247,1,5,0
222364,66559,1,5,0
222364,17275,1,5,0
222364,5415,1,5,0
222364,27507,1,5,0
222364,3532,1,5,0
222364,13194,1,5,0
222364,1327,1,5,0
222606,941,1,5,0
222606,342445,1,4,0
222606,27507,1,3,0
222606,68519,1,4,0
222606,412241,1,3,0
222606,58973,1,5,0
222606,27500,1,5,0
222606,242026,1,4,0
222606,26936,1,4,0
222606,58944,1,4,0
222606,61049,1,3,0
222606,2811,1,4,0
222606,110871,1,4,0
222606,109427,1,3,0
222606,244470,1,3,0
222606,51606,1,4,0
222615,759,1,5,0
222615,941,1,5,0
222615,22425,1,3,0
222615,16298,1,5,0
222615,21682,1,2,0
222615,39792,1,3,0
222615,24964,1,3,0
222615,14948,1,4,0
222615,22427,1,2,0
222615,177456,1,3,0
222615,47626,1,5,1
222615,5738,1,4,1
222615,47622,1,4,1
222615,47624,1,4,1
222615,47621,1,5,1
222615,13470,1,5,0
222615,428,1,4,0
222615,8600,1,4,0
223290,77690,1,5,0
223290,317102,1,4,0
223290,105679,1,4,0
223290,77728,1,5,0
223290,39792,1,2,0
223290,21682,1,5,0
223290,4944,1,2,0
223290,16298,1,5,0
223290,428,1,3,0
223290,37057,1,3,1
223290,37408,1,3,1
223290,941,1,4,0
223290,50621,1,5,1
224133,1218,1,5,0
224133,12923,1,5,0
224133,1067,1,4,0
224133,871,1,4,0
224133,6956,1,4,0
224133,14064,1,5,0
224133,8600,1,3,0
224133,1123,1,2,0
224133,22473,1,4,0
224133,941,1,5,0
224133,759,1,5,0
224133,18261,1,4,0
224133,1167,1,3,0
224686,941,1,5,0
224686,4944,1,3,0
224686,56767,1,4,0
224686,48706,1,4,0
224686,19137,1,4,1
224686,105074,1,5,1
224686,2557,1,4,0
224686,19534,1,4,1
224686,6810,1,4,1
224686,6689,1,5,0
224686,5139,1,5,0
224686,2811,1,5,0
224686,1988,1,5,1
224686,6749,1,5,0
224686,1368,1,4,0
225768,759,1,4,0
225768,941,1,4,0
225768,1218,1,2,0
225768,1123,1,3,0
225768,21337,1,4,0
225768,61663,1,4,0
225768,13119,1,3,0
228525,759,1,4,0
228525,14318,1,4,1
228525,152557,1,3,1
228525,1123,1,2,0
228525,16298,1,4,0
228525,22427,1,2,0
228525,1218,1,2,0
228525,25946,1,3,0
228525,22425,1,3,0
228525,39792,1,3,0
228525,941,1,4,0
228525,13872,1,3,0
228525,50811,1,3,0
228525,12923,1,2,1
228525,52549,1,3,0
228525,13470,1,2,0
228525,59019,1,4,0
228525,30065,1,4,0
228525,1368,1,4,0
228525,26092,1,4,0
229776,941,1,5,0
229776,759,1,3,0
229776,13630,1,5,0
229776,25946,1,5,0
229776,77504,1,5,0
229776,5415,1,4,0
229776,4944,1,3,0
229776,2811,1,4,0
229776,51881,1,4,0
229776,2557,1,4,0
229776,1504,1,4,0
229776,21339,1,4,0
229776,37153,1,4,0
229776,40372,1,4,0
229900,941,1,5,1
229900,1218,1,2,1
229900,759,1,3,0
229900,16298,1,3,0
229900,22461,1,3,0
229900,22460,1,3,0
229900,22463,1,3,0
229900,24478,1,3,0
229900,277841,1,2,1
229900,72855,1,5,1
229900,22427,1,3,1
229900,22425,1,1,1
229987,51106,1,3,0
229987,1368,1,5,0
229987,6810,1,2,0
229987,26092,1,3,0
229987,16298,1,3,0
229987,941,1,5,0
229987,19430,1,3,0
229987,1123,1,3,0
229987,759,1,3,0
229987,1067,1,3,0
229987,61661,1,4,0
229987,28240,1,3,0
229987,1218,1,4,0
229987,37153,1,1,0
229987,12923,1,1,1
231969,22463,1,3,0
231969,22460,1,3,0
231969,22461,1,3,0
231969,941,1,5,0
231969,19137,1,4,0
231969,182744,1,5,0
231969,68519,1,5,0
231969,139226,1,5,0
231969,242654,1,5,0
231969,6810,1,4,0
231969,5210,1,4,0
231969,720714,1,3,0
231969,51605,1,3,0
231969,27400,1,4,0
231969,58944,1,4,0
231969,15670,1,3,0
231969,100967,1,3,0
231969,23792,1,4,0
231969,23054,1,4,0
231969,348096,1,4,0
231969,110871,1,4,0
233334,12969,1,3,0
233334,99284,1,3,0
233334,6956,1,4,0
233334,14064,1,3,0
233334,47622,1,5,0
233334,47621,1,4,0
233334,47626,1,5,0
233334,47624,1,5,0
233334,48623,1,4,0
233334,874,1,4,0
233334,871,1,5,0
233334,870,1,4,0
233334,872,1,4,0
233334,941,1,5,0
233334,42826,1,5,0
233334,423,1,5,0
233334,351708,1,4,0
233334,5345,1,5,0
233334,1368,1,5,0
233334,54276,1,4,0
233334,103,1,5,0
233392,941,1,5,0
233392,14318,1,5,0
233392,21337,1,5,0
233392,22426,1,4,0
233392,40260,1,4,0
233392,139373,1,4,0
233392,82818,1,5,0
233392,89053,1,4,0
233392,759,1,5,0
233392,13146,1,4,0
233392,17275,1,4,0
233392,13912,1,4,0
233392,22349,1,3,1
233392,17365,1,4,0
233392,103,1,4,0
233745,759,1,2,0
233745,1123,1,3,0
233745,2557,1,5,0
233745,10579,1,4,0
233745,39796,1,5,0
233745,23012,1,5,0
233745,39795,1,4,0
233745,2369,1,4,0
233745,10570,1,4,0
233745,9752,1,4,0
233745,9556,1,4,0
233745,5665,1,4,0
233745,15719,1,4,0
233745,12523,1,4,0
233745,198026,1,4,0
236652,941,1,4,0
236652,423,1,3,0
236652,871,1,4,0
236652,870,1,3,0
236652,224220,1,4,0
236652,759,1,4,0
236652,16298,1,3,0
236652,59854,1,5,0
236652,39792,1,4,0
236652,1218,1,2,0
236652,8703,1,4,0
236652,13119,1,4,0
236652,22426,1,3,0
236652,21682,1,2,0
236652,16192,1,3,0
236652,428,1,3,0
236652,25946,1,5,0
236652,77507,1,3,0
236652,378974,1,4,0
236652,37328,1,4,0
236652,1368,1,4,0
236652,94063,1,3,0
236652,828189,1,4,0
237524,176228,1,5,0
237524,1218,1,4,0
237524,6956,1,3,0
237524,25946,1,4,0
237524,5415,1,4,0
237524,14064,1,4,0
237524,39792,1,3,0
237524,941,1,4,0
237524,14318,1,4,0
237524,51881,1,4,0
237524,16298,1,4,0
237524,22425,1,3,0
237524,17722,1,4,0
237524,105711,1,4,0
237524,12923,1,1,0
237524,105074,1,3,1
237524,13470,1,5,1
237524,386333,1,5,1
237524,18804,1,3,0
237524,1366,1,5,1
237524,81014,1,4,0
237524,72854,1,3,0
237524,1368,1,5,0
237524,37057,1,5,1
237524,7909,1,2,0
237524,18128,1,4,0
237524,40372,1,3,0
237524,870,1,4,0
237524,19430,1,5,0
237524,562739,1,5,1
237524,19631,1,3,0
239214,759,1,4,0
239214,14948,1,4,0
239214,1167,1,5,0
239214,14318,1,2,0
239214,1218,1,2,0
239214,18803,1,2,0
239214,50811,1,3,1
239214,162089,1,4,0
239214,12969,1,3,0
239214,924888,1,4,0
239214,116594,1,3,0
239214,116592,1,3,0
239214,8172,1,3,0
239214,514027,1,4,0
239214,60223,1,3,0
239214,23791,1,4,1
239214,106543,1,3,1
239214,1181952,1,4,1
239214,52184,1,4,1
239214,104610,1,4,1
239214,761244,1,4,1
239591,759,1,4,0
239591,941,1,5,0
239591,101253,1,3,0
239591,1368,1,4,0
239591,1067,1,4,0
239591,1504,1,3,0
239591,19430,1,3,0
240146,759,1,4,0
240146,68519,1,4,0
240146,44883,1,4,0
240146,44881,1,4,0
240146,351708,1,3,0
240146,6956,1,2,0
240146,324085,1,3,0
240146,91055,1,3,0
240146,45292,1,4,0
240146,50811,1,1,1
240146,941,1,3,0
240146,426551,1,3,0
240146,5738,1,3,0
240146,47624,1,3,0
240146,22426,1,3,0
240146,21682,1,4,0
240146,423,1,3,0
240146,1123,1,3,0
240146,874,1,4,0
240146,71618,1,4,0
240146,19137,1,4,1
240146,14817,1,2,1
240146,6810,1,4,1
240146,23792,1,3,1
240146,25790,1,3,0
240146,207916,1,4,1
240146,3815,1,4,1
240146,2933,1,3,0
240146,38528,1,4,0
240146,11535,1,4,0
240146,195762,1,3,0
240146,392297,1,4,1
240146,244470,1,5,1
240146,10570,1,4,0
240146,8492,1,2,0
240215,759,1,5,0
240215,39792,1,4,0
240215,511527,1,5,0
240215,36253,1,3,0
240215,334198,1,3,0
240215,24711,1,3,0
240215,98783,1,4,0
240215,200156,1,3,1
240215,25946,1,3,1
240215,16192,1,3,1
240215,22425,1,3,1
240215,444374,1,3,1
240215,14495,1,3,1
240215,333323,1,4,1
240215,13470,1,3,1
240215,586243,1,3,1
240215,1366,1,3,1
240215,31862,1,3,1
240905,941,1,5,0
240905,2557,1,4,0
240905,2661,1,4,0
240905,5139,1,3,0
240905,22463,1,4,0
240905,22461,1,4,0
240905,22460,1,4,0
240905,19430,1,5,0
240905,1988,1,4,0
240905,8600,1,3,0
240905,105074,1,4,0
240905,2015,1,3,0
240905,1368,1,5,0
240905,2013,1,4,0
240905,50621,1,4,0
240905,39876,1,3,0
240905,50472,1,4,0
240905,6689,1,2,0
242311,759,1,3,0
242311,1218,1,4,0
242311,31862,1,4,0
242311,13194,1,4,0
242311,34200,1,4,0
242311,145219,1,3,0
242311,77507,1,4,0
242311,42528,1,4,0
242311,36253,1,3,0
242311,14664,1,4,0
242311,8703,1,4,0
242311,1123,1,2,0
242311,423,1,3,0
242311,21337,1,4,0
242311,22426,1,3,0
242311,159296,1,3,0
242311,39792,1,3,0
242311,59711,1,3,0
242311,34540,1,3,0
242311,26092,1,4,0
242311,1067,1,3,0
242311,1429682,1,3,0
242920,759,1,4,0
242920,1123,1,5,0
242920,12328,1,4,0
242920,12622,1,4,0
242920,10618,1,4,0
242920,12067,1,4,0
242920,2934,1,5,0
242920,10959,1,5,0
242920,2557,1,4,0
242920,849126,1,5,0
242920,356780,1,4,0
242920,10570,1,5,0
242920,61049,1,5,0
242920,10579,1,5,0
242920,104610,1,4,0
242920,9553,1,5,0
242920,9516,1,4,0
242920,9752,1,5,0
242920,23054,1,5,0
242920,9551,1,5,0
242920,124474,1,5,0
242920,15719,1,5,0
242920,110871,1,5,0
242920,9439,1,5,0
242920,9517,1,5,0
242920,8865,1,5,0
243287,39792,1,5,0
243287,22425,1,4,0
243287,185350,1,4,0
243287,1205612,1,2,0
243287,634156,1,3,0
243287,21339,1,3,0
243287,38560,1,2,0
243287,51923,1,3,0
243287,14318,1,5,0
243777,22207,1,4,0
243777,107456,1,2,0
243777,6956,1,4,0
243777,14064,1,3,0
243777,128236,1,2,0
243777,941,1,3,0
243777,1123,1,1,0
243777,423,1,5,0
243777,16618,1,5,0
243777,22349,1,5,0
243777,12923,1,3,0
243777,103,1,3,0
243807,759,1,3,0
243807,941,1,3,0
243807,107691,1,4,0
243807,108064,1,4,0
243807,871,1,4,0
243807,185910,1,4,0
243807,248871,1,4,0
243807,89053,1,4,0
243807,186074,1,4,0
243807,350642,1,4,0
243807,248878,1,4,0
243807,1123,1,3,0
243807,48623,1,4,0
243807,29478,1,4,0
243807,248623,1,4,0
243807,42826,1,4,0
243807,47493,1,4,0
243807,423,1,4,0
243807,649568,1,3,0
243807,872,1,3,0
243807,874,1,3,0
243807,17364,1,3,0
243807,383019,1,4,0
243807,514366,1,3,0
243807,22344,1,4,0
243807,58944,1,4,0
243807,13872,1,4,0
243807,595967,1,4,0
243807,58764,1,4,0
243807,514694,1,4,0
243807,809162,1,4,0
243810,392297,1,4,1
243810,92918,1,4,1
243810,601389,1,4,0
243810,9439,1,5,1
243810,401432,1,4,1
243810,297752,1,5,1
243810,8812,1,5,1
243810,198029,1,4,1
243810,198026,1,5,1
243810,118007,1,4,1
244017,186223,1,3,0
244017,44881,1,4,1
244017,44883,1,4,1
244017,47621,1,4,1
244017,47622,1,4,1
244017,47626,1,4,1
244017,99072,1,4,1
244017,413963,1,3,0
244017,60224,1,4,1
244017,60223,1,4,1
244017,68519,1,4,1
244017,467756,1,4,0
244017,383019,1,1,1
244017,351708,1,4,0
244017,58930,1,2,1
244017,212327,1,3,1
244017,129616,1,3,1
244017,60220,1,3,1
244017,741800,1,3,1
244017,218696,1,3,1
244017,1876788,1,3,1
244017,594100,1,3,1
244017,267634,1,4,0
244017,68313,1,3,0
244017,33530,1,3,1
244725,759,1,5,0
244725,941,1,3,0
244725,1218,1,4,0
244725,25016,1,5,0
244725,14812,1,4,0
244725,105074,1,3,0
244725,77690,1,4,0
244725,21682,1,5,0
244725,46484,1,5,0
244725,428,1,5,0
244725,12923,1,3,0
244725,68355,1,4,0
244725,21337,1,5,0
244725,1368,1,5,0
244725,73073,1,4,0
244725,1366,1,2,0
244725,106546,1,3,0
244725,279969,1,4,0
245173,51605,1,3,0
245173,19137,1,2,0
245173,941,1,4,0
245173,105077,1,4,1
245173,2557,1,2,0
245173,2368,1,3,0
245173,4360,1,4,0
245173,5139,1,3,0
245173,23053,1,3,0
245173,23791,1,4,0
245173,50621,1,3,0
245173,9553,1,1,0
245173,21352,1,5,0
245173,15719,1,4,0
245294,941,1,4,0
245294,77728,1,2,0
245294,50621,1,4,0
245294,39792,1,4,0
245294,68354,1,2,0
245294,72854,1,4,0
245294,759,1,5,0
245294,397056,1,3,0
245294,176906,1,4,0
245294,105792,1,4,0
245294,73073,1,4,0
245294,1388192,1,3,1
246474,58944,1,4,0
246474,59019,1,4,0
246474,16298,1,5,0
246474,1218,1,4,0
246474,759,1,3,0
246474,941,1,5,0
246474,50811,1,4,0
246474,24968,1,3,0
246474,12923,1,2,1
246474,85574,1,5,0
246474,22426,1,5,0
246474,14318,1,5,0
246474,186074,1,4,0
247041,871,1,3,0
247041,47493,1,4,0
247041,1218,1,4,0
247041,12969,1,4,0
247041,6810,1,3,0
247041,17364,1,4,0
247041,941,1,4,0
247041,21352,1,3,0
247041,25016,1,4,0
247041,404122,1,4,0
247041,396007,1,4,0
247041,870,1,3,0
247041,14948,1,3,0
247041,7909,1,3,0
248471,941,1,5,0
248471,14948,1,4,0
248471,39792,1,5,0
248471,759,1,5,0
248471,1123,1,4,0
248471,16298,1,5,0
248471,5345,1,4,0
248471,37328,1,4,1
248471,6810,1,4,0
248471,77728,1,4,0
248471,586992,1,4,0
248471,176906,1,4,0
248471,77690,1,4,0
248471,60720,1,4,0
248471,333325,1,4,1
248471,73077,1,4,0
248471,73073,1,4,0
248471,12923,1,4,0
248471,13470,1,4,0
248471,1368,1,4,0
248471,552058,1,4,0
249989,759,1,3,0
249989,941,1,3,0
249989,12969,1,3,0
249989,14233,1,3,0
249989,6956,1,3,0
249989,14064,1,4,0
249989,13872,1,4,0
249989,872,1,3,0
249989,90673,1,3,0
249989,16618,1,3,0
249989,13119,1,3,0
249989,466429,1,3,0
249989,8172,1,4,0
249989,283622,1,1,0
249989,127261,1,4,0
249989,75602,1,3,0
249989,12923,1,4,0
249989,116136,1,4,0
249989,189938,1,4,0
249989,188184,1,4,0
249989,189182,1,3,0
250365,759,1,3,0
250365,941,1,5,0
250365,16298,1,4,0
250365,39792,1,4,0
250365,21682,1,4,0
250365,22425,1,3,0
250365,25946,1,4,0
250365,908284,1,3,0
250365,38560,1,2,0
250365,293137,1,3,0
250365,792670,1,4,0
250365,400326,1,5,0
250365,65515,1,3,0
250365,1047270,1,4,0
250365,2557,1,3,1
250365,333523,1,3,0
250365,707222,1,4,1
250365,397056,1,3,0
250365,12523,1,4,1
250365,23791,1,4,1
250365,21352,1,4,1
250476,874,1,4,0
250476,158989,1,5,0
250476,871,1,3,0
250476,870,1,3,0
250476,396007,1,4,0
250476,374166,1,4,0
250476,42826,1,3,0
251083,759,1,2,0
251083,941,1,5,0
251083,13764,1,5,0
251083,22426,1,2,0
251083,13765,1,4,0
251083,378974,1,5,0
251083,42425,1,3,0
251083,77505,1,4,0
251083,283622,1,2,0
251083,13872,1,4,0
251083,14233,1,4,0
251083,871,1,3,0
251083,870,1,3,0
251083,466761,1,4,0
251083,77491,1,4,0
251083,116136,1,3,0
251083,127261,1,4,0
251083,178300,1,4,1
251083,127175,1,2,1
251083,144008,1,4,0
251083,185117,1,4,0
251083,126980,1,4,0
251083,72855,1,4,0
251083,189173,1,2,0
251106,874,1,2,0
251106,91055,1,2,0
251106,222617,1,3,0
251106,941,1,3,0
251106,47627,1,2,0
251106,5419,1,4,1
251106,22463,1,2,0
251106,68519,1,2,0
251106,48623,1,3,0
251106,50811,1,3,0
251106,5210,1,3,0
251106,527114,1,3,0
251106,19137,1,3,0
251106,207916,1,3,0
251106,45292,1,3,0
251106,23792,1,4,0
251106,23791,1,3,1
251106,105074,1,3,0
251106,12523,1,3,0
251106,179411,1,3,0
251106,23797,1,3,0
251106,15672,1,3,0
251106,12328,1,4,0
251106,53179,1,3,0
251106,218659,1,2,1
251106,65512,1,3,0
251106,23056,1,3,0
251106,10959,1,3,0
251106,5665,1,4,0
251106,11291,1,2,1
251106,10417,1,4,0
251106,10570,1,3,1
251106,109427,1,3,0
251106,61049,1,3,0
251106,9752,1,3,0
251106,61043,1,3,0
251106,64582,1,3,0
251106,8812,1,3,1
251106,8492,1,3,1
252425,48623,1,3,0
252425,874,1,2,0
252425,871,1,4,0
252425,27500,1,4,0
252425,1123,1,4,0
252425,14064,1,3,0
252425,128236,1,3,0
252425,22426,1,5,0
252425,6956,1,4,0
252425,159320,1,4,0
252425,60223,1,3,0
252425,159087,1,3,0
252425,221271,1,4,0
252425,13912,1,4,0
252425,115268,1,2,0
252425,870,1,4,0
252425,51606,1,3,0
252425,68519,1,3,0
252425,423,1,4,0
252425,68318,1,2,0
253784,941,1,4,0
253784,759,1,5,0
253784,242026,1,5,0
253784,348321,1,5,0
253784,16298,1,5,0
253784,41033,1,5,0
253784,13119,1,4,0
253784,22427,1,5,0
253784,21682,1,5,0
253784,22425,1,5,0
253784,77728,1,5,0
253784,105679,1,5,0
253784,209638,1,5,0
253784,363395,1,4,0
253784,23012,1,2,0
253784,209637,1,5,0
254565,13872,1,5,0
254565,13119,1,4,0
254565,1123,1,4,0
254565,145219,1,2,0
254565,423,1,4,0
254565,14233,1,1,0
254565,25016,1,5,0
254565,44883,1,3,0
254565,44881,1,5,0
254565,39792,1,4,0
254565,752937,1,4,0
254565,158383,1,4,1
254565,22427,1,4,0
254565,22425,1,3,0
254565,105716,1,4,0
254565,59854,1,3,0
254565,16192,1,3,0
254565,16298,1,3,0
254565,941,1,3,0
254565,225589,1,4,1
254565,60720,1,4,0
254565,22426,1,3,0
254565,8172,1,4,0
254565,748333,1,4,1
254565,65471,1,3,1
254565,73073,1,4,0
254565,72855,1,3,0
254565,26092,1,5,1
254597,1218,1,3,0
254597,12923,1,3,0
254597,6956,1,2,0
254597,31862,1,3,0
254597,12969,1,3,0
254597,17581,1,4,0
254597,16618,1,4,0
254597,941,1,5,0
254597,1123,1,3,0
254597,13270,1,4,0
254597,62101,1,3,0
254597,248326,1,3,0
254597,74532,1,3,0
254597,8703,1,3,0
254752,14318,1,5,1
254752,61663,1,3,0
254752,759,1,4,0
254752,941,1,5,0
254752,1123,1,5,0
254752,22426,1,5,0
254752,1218,1,4,0
254752,16298,1,5,0
254752,48666,1,4,0
254752,39792,1,5,0
254752,24711,1,4,0
254752,423,1,5,0
254752,94063,1,4,0
254752,50937,1,3,0
254752,14948,1,4,0
254752,1368,1,4,0
254752,21352,1,4,0
254752,2369,1,4,0
254752,21339,1,2,1
254752,19430,1,3,0
254752,310276,1,4,0
255029,941,1,4,0
255029,759,1,4,0
255029,110015,1,2,0
255029,423,1,4,0
255029,39792,1,4,0
255029,12923,1,2,0
255029,24968,1,4,0
255029,13113,1,3,0
255029,58973,1,4,0
255029,306454,1,4,0
255029,14233,1,3,0
255029,210783,1,4,0
255029,75602,1,2,0
255029,14318,1,5,0
255029,207916,1,4,0
255029,14948,1,4,0
255029,81048,1,5,1
255029,826422,1,5,0
257252,360933,1,5,0
257252,759,1,4,0
257252,941,1,5,0
257252,16298,1,3,0
257252,14318,1,4,0
257252,1123,1,3,0
257252,423,1,5,1
257252,8172,1,5,0
257252,159296,1,4,0
257252,176906,1,4,0
257252,60720,1,4,0
257252,280751,1,4,0
257252,22427,1,4,0
257252,1047270,1,4,0
257252,155097,1,4,0
257252,178300,1,4,0
257252,176228,1,3,1
257252,82454,1,4,1
257252,17581,1,3,1
257252,867571,1,5,0
257252,658345,1,4,0
257252,748333,1,4,1
257252,41033,1,5,0
257252,428,1,5,0
257252,386333,1,4,1
257252,18261,1,2,0
257252,65471,1,3,0
257252,885146,1,4,0
257252,22618,1,3,0
257252,361038,1,4,0
257252,14812,1,1,1
257252,81014,1,4,0
257252,21188,1,4,0
257252,373913,1,4,0
257252,72855,1,3,0
257252,21352,1,4,0
257252,333521,1,3,0
257252,939992,1,4,0
257252,72854,1,5,0
257252,819045,1,4,0
257252,72453,1,4,0
257252,50815,1,5,0
257252,73073,1,5,0
258323,25946,1,4,0
258323,1218,1,2,0
258323,428,1,3,0
258323,759,1,4,0
258323,19534,1,2,0
258323,2557,1,5,1
258323,1368,1,4,0
258323,119247,1,4,0
258323,2369,1,3,0
258323,941,1,5,0
259352,941,1,5,0
259352,759,1,5,0
259352,16618,1,1,0
259352,1167,1,5,1
259352,871,1,4,0
259352,21682,1,3,0
259352,22426,1,5,0
259352,66172,1,3,0
259352,872,1,2,0
259352,77678,1,3,0
259352,1522551,1,5,1
259352,50811,1,4,0
259352,12923,1,1,1
259352,423,1,4,0
259352,1368,1,5,0
259352,68318,1,5,0
259352,14318,1,5,0
259352,8600,1,4,0
259352,18025,1,3,0
259352,25946,1,5,0
259448,66172,1,5,0
259448,22426,1,4,0
259448,100967,1,5,0
259448,5665,1,3,0
259448,10417,1,2,0
259448,164452,1,2,0
259448,759,1,3,0
261945,14233,1,4,0
261945,941,1,5,0
261945,759,1,4,0
261945,1123,1,1,0
261945,12969,1,3,0
261945,1218,1,4,0
261945,423,1,4,0
261945,13872,1,3,0
261945,12923,1,2,0
261945,50811,1,3,0
261945,62101,1,2,0
261945,58945,1,2,0
261945,105251,1,5,0
261945,2369,1,4,0
263495,607330,1,4,1
263495,12328,1,4,1
263495,10618,1,5,1
263495,12074,1,4,0
263495,571876,1,3,1
263495,156530,1,4,1
263495,95439,1,3,0
263495,10570,1,4,0
263495,634421,1,4,0
263495,548149,1,4,0
264153,759,1,5,0
264153,116136,1,3,0
264153,21330,1,4,0
264153,70956,1,5,0
264153,423,1,4,0
264153,13878,1,5,0
264153,188148,1,5,0
264153,77504,1,3,0
264153,13765,1,5,0
264153,13769,1,4,0
264153,8172,1,4,0
264153,466761,1,4,0
264153,188147,1,5,0
264153,13764,1,5,0
264153,127175,1,4,0
264153,130755,1,4,0
264153,1251991,1,5,0
264153,77505,1,5,0
264153,870,1,4,0
264153,283622,1,4,0
264153,320813,1,4,0
264153,657605,1,4,0
264153,60229,1,4,0
264153,143797,1,5,0
264153,131106,1,4,0
264153,181242,1,4,0
264153,22426,1,5,0
264153,185117,1,5,0
264153,127672,1,5,0
266269,759,1,5,0
266269,13119,1,4,0
266269,68519,1,4,0
266269,62101,1,5,0
266269,19137,1,5,0
266269,128236,1,4,0
266269,27507,1,4,0
266269,27500,1,5,0
266269,6956,1,4,0
266269,91055,1,5,0
266269,342445,1,3,0
266269,66172,1,4,0
266269,60223,1,5,0
266269,324083,1,4,0
266269,413963,1,4,0
266269,351708,1,4,0
266269,55218,1,4,0
266269,91024,1,3,0
266269,242654,1,3,0
266269,26936,1,5,0
266269,821184,1,4,0
266269,14064,1,3,0
266269,50811,1,4,0
266269,1123,1,2,0
266269,105074,1,4,0
266269,166560,1,4,0
266269,60224,1,5,0
266269,5891,1,5,0
266269,60222,1,5,0
266269,58944,1,5,0
266269,5898,1,5,0
266269,60220,1,5,0
266269,2661,1,4,0
266269,10579,1,5,0
266269,23056,1,4,0
266269,110964,1,5,0
266269,110962,1,4,0
266269,82708,1,4,0
266269,47720,1,4,0
267989,941,1,5,0
267989,871,1,3,0
267989,16298,1,4,0
267989,22426,1,3,0
267989,870,1,5,0
267989,22427,1,5,0
267989,14318,1,5,0
267989,759,1,2,0
267989,1123,1,2,0
267989,50811,1,4,0
267989,321572,1,5,0
268482,24968,1,4,0
268482,66172,1,5,0
268482,16298,1,4,0
268482,136066,1,3,0
268482,45287,1,4,0
268482,25946,1,5,0
268482,19137,1,4,0
268482,5415,1,4,0
268482,467759,1,3,0
268482,19534,1,5,0
268482,274621,1,5,0
268482,5417,1,4,0
268482,242026,1,4,0
268482,23791,1,5,0
268482,51881,1,5,0
268482,12969,1,4,0
268482,874,1,3,0
268482,105077,1,4,0
268482,22421,1,3,1
268482,24152,1,3,0
268482,12523,1,5,0
268482,941,1,5,0
268482,125844,1,3,0
268482,58945,1,4,0
268482,13470,1,5,0
268482,242029,1,3,0
268482,401035,1,5,0
268482,22426,1,5,0
268482,1988,1,4,0
268482,50621,1,5,0
268482,37153,1,4,0
268482,410415,1,4,0
268886,22426,1,5,0
268886,428,1,5,0
268886,40260,1,5,0
268886,68615,1,5,0
268886,14233,1,5,0
268886,61663,1,5,0
268886,61926,1,5,0
268886,17365,1,4,0
268886,18804,1,5,0
268886,17275,1,5,0
268886,77507,1,5,0
268886,1123,1,5,0
268886,47493,1,5,0
268886,759,1,5,0
268886,85574,1,5,0
268886,42002,1,4,0
268886,123924,1,5,0
268886,47304,1,5,0
268886,14318,1,5,0
268886,186074,1,4,0
269501,154105,1,3,0
269501,101021,1,3,0
269501,6956,1,2,0
269501,1123,1,4,0
269501,17845,1,3,0
269501,759,1,3,0
269501,207916,1,3,0
269501,21330,1,3,0
269501,420,1,4,0
269501,127175,1,4,0
269501,13765,1,4,0
269501,1026333,1,2,1
269501,116136,1,3,1
269501,62101,1,5,0
269501,20501,1,5,0
269501,30065,1,4,0
269501,12923,1,4,0
269501,941,1,5,0
271322,759,1,4,0
271322,941,1,4,0
271322,14064,1,5,0
271322,1218,1,2,0
271322,1123,1,4,0
271322,423,1,4,0
271322,22426,1,3,0
271322,41033,1,4,0
271322,6956,1,3,0
271322,14812,1,4,0
271322,1368,1,5,0
272802,267973,1,5,0
272802,41304,1,4,0
272802,17581,1,4,0
272802,17364,1,3,0
272802,77678,1,4,0
272802,941,1,3,0
272802,759,1,4,0
272802,202358,1,4,0
272802,870,1,3,0
272802,40889,1,3,0
272802,423,1,4,0
272802,24478,1,5,0
272802,18803,1,4,0
272802,1368,1,4,0
272802,1366,1,4,0
272802,18804,1,5,0
272865,5210,1,4,0
272865,19137,1,4,0
272865,14318,1,3,0
272865,21682,1,3,0
272865,48666,1,2,0
272865,5345,1,4,0
272865,423,1,4,0
272865,941,1,5,0
272865,4948,1,4,0
272865,221453,1,3,0
272865,759,1,3,0
272880,22427,1,4,0
272880,13470,1,5,0
272880,759,1,4,0
272880,1123,1,3,0
272880,2557,1,1,0
272880,1368,1,5,0
272880,1504,1,5,1
272880,21339,1,1,0
272880,37153,1,2,0
272880,39792,1,4,0
272880,16298,1,5,0
272880,14948,1,5,0
272880,14318,1,2,0
272880,2369,1,4,0
272880,21352,1,5,0
279358,941,1,3,0
279358,6810,1,5,0
279358,41994,1,5,0
279358,58930,1,5,0
279358,26936,1,5,0
279358,58944,1,5,0
279358,17364,1,4,0
279358,75602,1,4,0
279358,89053,1,5,0
279358,12969,1,5,0
279358,14948,1,4,0
279358,22349,1,4,0
279358,2368,1,4,0
279358,22207,1,4,0
279358,22774,1,4,0
279358,18600,1,4,0
279358,66559,1,4,0
283443,1123,1,4,1
283443,21337,1,5,0
283443,759,1,5,0
283443,941,1,5,0
283443,1218,1,5,0
283443,14318,1,4,0
283443,61663,1,5,0
283443,22426,1,4,0
284548,941,1,5,0
284548,759,1,3,0
284548,1123,1,1,0
284548,44883,1,4,0
284548,159320,1,5,0
284548,47766,1,5,0
284548,194739,1,3,0
284548,53774,1,5,0
287212,759,1,5,0
287212,329957,1,3,0
287212,12923,1,3,0
287212,186076,1,1,0
287212,127261,1,5,1
287212,466761,1,5,0
287212,68513,1,2,0
287212,6956,1,3,0
287212,131106,1,5,1
287212,276466,1,5,1
287212,283622,1,5,0
287212,127175,1,5,1
287212,871,1,4,0
287212,870,1,5,0
287212,22618,1,1,0
287212,48623,1,3,0
287212,60229,1,5,0
287212,116136,1,3,0
287212,61663,1,2,0
287212,22349,1,4,1
287212,22209,1,5,1
287212,715127,1,5,0
287212,126980,1,2,1
287212,385040,1,3,1
287212,18603,1,5,1
287212,127672,1,5,1
287212,185117,1,5,1
287212,702186,1,1,1
287212,189182,1,5,1
287212,12969,1,1,0
287212,566977,1,3,1
287212,189173,1,3,1
289043,941,1,5,0
289043,759,1,2,0
289043,22426,1,4,0
289043,16298,1,3,0
289043,1123,1,3,0
289043,61926,1,4,0
289043,871,1,2,0
289043,12923,1,2,1
289043,21682,1,4,0
289043,870,1,3,0
289043,22349,1,3,0
289043,16946,1,5,1
289043,50811,1,3,0
289043,96986,1,3,0
289043,106546,1,3,0
289043,53410,1,2,0
289695,759,1,4,0
289695,44883,1,3,0
289695,44881,1,3,0
289695,44781,1,2,0
289695,1218,1,5,0
289695,1123,1,4,0
289695,23791,1,3,0
289695,162089,1,4,0
289695,23792,1,3,0
289695,55218,1,3,0
289695,65512,1,2,0
289695,1366,1,4,0
289695,1368,1,4,0
293135,14064,1,5,0
293135,47622,1,4,0
293135,8600,1,3,0
293135,759,1,3,0
293135,1368,1,5,0
293135,941,1,5,0
293135,26092,1,4,0
293135,50930,1,4,1
293135,78234,1,1,1
293135,17998,1,4,0
294129,19137,1,2,0
294129,66559,1,4,0
294129,514366,1,5,0
294129,66172,1,2,0
294129,47626,1,3,0
294129,759,1,4,0
294129,1123,1,3,0
294129,1218,1,3,0
294129,839433,1,3,0
294129,110015,1,4,0
294129,58944,1,5,0
294129,406835,1,3,0
294129,68519,1,2,0
294129,423,1,2,0
294129,22426,1,3,0
294129,50811,1,5,0
294129,58930,1,4,0
294129,17365,1,4,0
294129,8172,1,4,0
294129,941,1,5,0
294129,324083,1,3,0
294129,207557,1,4,0
294129,21290,1,4,0
294129,77690,1,4,0
294129,871,1,3,0
294129,145219,1,4,0
294129,27500,1,3,0
294129,58764,1,5,0
294129,110962,1,3,0
294129,1406304,1,5,0
294129,110964,1,4,0
295182,941,1,5,0
295182,39796,1,5,0
295182,1123,1,2,0
295182,27507,1,4,0
295182,106546,1,2,0
295182,6689,1,4,0
295182,51606,1,3,0
295182,51603,1,3,0
295182,14318,1,3,0
295182,110871,1,5,0
295182,87702,1,4,0
295182,14455,1,5,0
295182,181242,1,4,0
295182,19430,1,5,0
295182,39795,1,4,0
295182,310276,1,5,0
295530,25016,1,4,0
295530,14948,1,4,0
295530,75602,1,5,0
295530,50811,1,5,0
295530,14318,1,5,0
295530,941,1,4,0
295530,1123,1,2,0
295530,759,1,4,0
295530,423,1,4,0
295530,16298,1,3,0
295530,13119,1,4,0
295530,39792,1,4,0
295530,59019,1,4,0
295530,15196,1,5,0
295530,17364,1,4,0
295530,51881,1,4,0
295530,58930,1,5,0
295530,3072,1,4,0
295530,58944,1,4,1
295530,77702,1,3,1
295530,28240,1,5,0
295530,127672,1,4,0
295530,12923,1,4,0
295530,42826,1,3,0
297857,1123,1,3,0
297857,14684,1,3,0
297857,1218,1,4,0
297857,12969,1,4,0
297857,22426,1,4,0
297857,147029,1,4,0
297857,159296,1,2,0
297857,202358,1,4,0
297857,37405,1,3,0
297857,13270,1,4,0
297857,106543,1,3,0
297857,13119,1,4,0
297857,17722,1,3,0
297857,1368,1,5,1
297857,7909,1,2,0
297857,25673,1,4,0
297857,941,1,4,0
297857,100214,1,2,0
297857,1504,1,5,0
297857,30574,1,4,0
298100,24964,1,3,0
298100,50811,1,4,0
298100,14817,1,2,0
298100,16298,1,5,1
298100,248871,1,4,0
298100,248878,1,3,0
298100,13113,1,3,0
298100,14948,1,3,0
298100,870,1,3,0
298100,423,1,4,0
298100,759,1,3,0
298100,702823,1,4,0
298100,24965,1,3,0
298100,22426,1,3,0
298100,5139,1,2,1
298100,18261,1,5,1
298100,18649,1,3,1
298100,2368,1,2,1
298100,2178,1,2,0
298100,50621,1,2,1
298100,1504,1,5,1
298100,37408,1,3,1
298100,1368,1,4,0
298100,259826,1,1,0
298100,295948,1,2,0
298100,21339,1,2,1
298100,39876,1,3,1
298100,510247,1,2,0
298474,26936,1,3,0
298474,68519,1,4,1
298474,5210,1,4,1
298474,19534,1,5,0
298474,5418,1,4,0
298474,5417,1,5,0
298474,19137,1,5,1
298474,105074,1,4,0
298474,27500,1,4,1
298474,27507,1,3,0
298474,58930,1,5,1
298474,49838,1,4,0
298474,527114,1,3,0
298474,5419,1,4,0
298474,218870,1,2,1
298474,58944,1,5,1
298474,482061,1,4,1
298474,355670,1,5,1
298474,5891,1,5,1
298474,5890,1,4,1
298474,163529,1,3,1
298474,1062544,1,5,1
298474,693095,1,3,1
298474,1329476,1,4,1
298474,5131,1,3,1
298474,598807,1,2,1
298474,597642,1,3,1
298474,95670,1,5,1
298474,286268,1,3,1
298474,160558,1,3,1
298474,169756,1,4,0
298474,45156,1,3,0
298474,10775,1,5,0
298474,58764,1,4,0
298474,245344,1,2,0
298474,2557,1,4,0
298474,1531931,1,2,0
298474,9555,1,3,0
298474,447037,1,3,0
298474,693047,1,2,1
298474,95355,1,4,0
298474,2661,1,3,0
298474,2404,1,4,0
298474,95891,1,3,0
298474,22774,1,3,0
298474,66172,1,4,0
298474,9752,1,4,0
298474,637858,1,2,0
298474,12321,1,3,0
298474,286832,1,1,1
298474,15672,1,3,0
298474,64582,1,3,0
298474,705536,1,2,0
298474,9551,1,3,0
298622,6956,1,4,0
298622,14064,1,5,0
298622,941,1,5,0
298622,759,1,5,0
298622,423,1,5,0
298622,16298,1,5,0
298622,77690,1,3,0
298622,77728,1,5,0
298622,18804,1,5,0
298622,397056,1,5,0
298622,294423,1,4,0
298622,72854,1,5,0
298622,72855,1,5,1
298622,364141,1,4,0
298622,54594,1,3,0
298622,54593,1,3,0
298622,364101,1,3,0
298622,364091,1,3,0
299892,941,1,5,0
299892,378974,1,4,0
299892,759,1,4,0
299892,5415,1,2,0
299892,25946,1,4,0
299892,60720,1,4,0
299892,75605,1,2,0
299892,16298,1,4,0
299892,22427,1,4,0
299892,16192,1,3,0
299892,18261,1,5,0
299892,511527,1,5,0
299892,423,1,4,0
299892,59854,1,4,0
299892,65490,1,5,1
299892,73073,1,4,0
299892,14318,1,4,0
299892,17581,1,4,0
299892,21290,1,4,0
299892,105251,1,2,0
299892,18600,1,4,0
299892,7909,1,3,0
299892,8600,1,4,0
299892,1366,1,5,0
299892,6956,1,3,0
299892,1123,1,4,1
299892,37069,1,3,1
299892,78234,1,3,0
306339,49449,1,3,0
306339,14318,1,3,0
306339,941,1,3,0
306339,79121,1,2,0
306339,290511,1,3,0
306339,236019,1,4,0
306339,13194,1,1,0
306339,28566,1,2,0
306339,51106,1,3,0
306339,57966,1,2,0
306339,2369,1,2,0
306339,1368,1,3,0
306339,1218,1,1,0
306339,1067,1,3,0
306339,343002,1,3,0
306339,21337,1,2,0
306339,38835,1,3,0
306339,28568,1,3,0
306339,95148,1,2,1
306339,593077,1,3,0
306339,412801,1,2,0
306339,342984,1,3,0
306339,57990,1,1,1
306339,388339,1,2,1
306339,23932,1,5,1
306339,94064,1,3,1
306339,1123,1,2,1
306339,7674,1,5,1
306339,1128180,1,3,1
306339,23797,1,5,1
306339,71247,1,1,1
306570,77728,1,4,0
306570,1218,1,4,0
306570,759,1,4,0
306570,25673,1,5,0
306570,1123,1,5,0
306570,941,1,5,0
306570,1368,1,4,0
306570,428,1,5,0
306570,1167,1,3,0
307676,16298,1,4,0
307676,759,1,5,0
307676,1123,1,5,0
307676,941,1,5,0
307676,1218,1,5,0
307676,1067,1,5,0
307676,77491,1,4,1
307676,77505,1,2,1
307676,251780,1,3,1
307676,14318,1,5,0
307676,72855,1,5,0
308104,1067,1,3,0
308104,85574,1,5,0
308104,941,1,4,0
308104,30574,1,3,0
308104,1123,1,3,0
308104,759,1,4,0
308104,1218,1,5,0
308104,871,1,3,0
308104,22426,1,4,0
308104,34540,1,4,0
308104,100214,1,4,0
308104,7909,1,3,0
308104,22613,1,3,0
308104,242541,1,3,0
310405,759,1,5,0
310405,941,1,5,0
310405,178300,1,5,0
310405,18804,1,5,1
310405,94064,1,2,1
310405,8600,1,4,1
310405,5738,1,4,0
310405,40372,1,3,0
311105,759,1,5,0
311105,21337,1,4,0
311105,39792,1,4,0
311105,941,1,5,0
311105,423,1,5,0
311105,71189,1,4,0
311105,1123,1,5,0
311105,1218,1,5,0
311105,14812,1,3,0
311105,22425,1,5,0
311105,16298,1,4,0
311105,428,1,4,0
311105,16570,1,5,0
311105,162904,1,4,0
311105,13270,1,5,0
312237,40260,1,3,0
312237,1519935,1,4,0
312237,260784,1,4,0
312237,24965,1,3,0
312237,176906,1,2,0
312237,1013443,1,3,0
312237,28668,1,1,0
312237,463017,1,5,0
312237,759,1,4,0
312237,51881,1,4,0
312237,658345,1,3,0
312237,73073,1,5,0
312237,886333,1,3,1
312237,50937,1,4,0
312237,18804,1,5,1
312237,333918,1,4,1
312237,176884,1,4,1
312237,17364,1,3,1
312237,68318,1,3,0
312237,13194,1,5,0
312237,8172,1,4,0
316474,5345,1,4,0
316474,321572,1,4,0
316474,1123,1,3,0
316474,941,1,3,0
316474,16298,1,4,0
316474,22426,1,3,0
316474,759,1,2,0
316474,261359,1,4,0
316474,12923,1,3,0
316474,1368,1,4,0
316474,17998,1,4,0
316474,8600,1,4,0
316474,30065,1,4,0
316474,142458,1,5,0
321008,4948,1,3,0
321008,413965,1,5,0
321008,5738,1,5,0
321008,40929,1,5,0
321008,1067,1,5,0
321008,871,1,3,0
321008,870,1,3,0
321008,872,1,4,0
321008,941,1,5,0
321008,13194,1,5,0
321008,68355,1,4,0
321008,39792,1,5,0
321008,759,1,5,0
321008,48623,1,3,0
321008,17364,1,4,0
321008,25016,1,5,0
321008,6956,1,3,0
321008,47621,1,4,0
321008,54276,1,3,0
321008,16564,1,3,0
321008,12923,1,3,0
321008,22426,1,5,0
321008,108445,1,4,0
321008,13119,1,4,0
321008,94721,1,4,0
321008,24965,1,4,0
321008,13872,1,4,0
321008,2178,1,4,0
321008,1123,1,4,0
321008,99284,1,3,0
321008,106546,1,3,0
321008,22473,1,3,0
321008,68513,1,3,0
321008,96986,1,3,0
321008,47766,1,3,1
321008,394914,1,5,0
324419,1368,1,4,0
324419,5139,1,4,0
324419,2369,1,5,0
324419,58944,1,4,0
324419,941,1,5,0
324419,50811,1,4,0
324419,1218,1,3,0
324419,1988,1,5,1
324419,60223,1,4,0
324419,21339,1,3,1
324419,60222,1,4,0
324419,1504,1,5,0
324419,40372,1,4,1
324666,828452,1,4,1
324666,280751,1,5,1
324666,25946,1,5,1
324666,874,1,4,1
324666,96986,1,4,1
324666,871,1,3,1
324666,4944,1,4,1
324666,14684,1,3,1
324666,50811,1,4,1
324666,941,1,5,1
324666,38262,1,2,1
324666,13470,1,4,1
324666,12923,1,2,1
324666,14318,1,4,1
324666,52549,1,4,1
324666,37057,1,5,1
324666,1366,1,4,1
324666,1368,1,4,1
324666,1123,1,2,1
324666,57357,1,3,0
326750,759,1,5,0
326750,197084,1,4,0
326750,21337,1,3,0
326750,1123,1,4,0
326750,941,1,4,0
326750,159320,1,5,0
326750,100214,1,3,0
326750,14948,1,3,0
326750,147848,1,2,0
326750,423,1,3,0
326750,18792,1,3,0
326750,886333,1,2,0
327416,759,1,5,0
327416,941,1,2,0
327416,6956,1,5,0
327416,14064,1,4,0
327416,1123,1,5,0
327416,105074,1,2,0
327416,12922,1,4,1
327416,1067,1,5,1
327416,1368,1,3,1
327416,621284,1,4,1
327416,7909,1,4,1
327416,34050,1,3,1
327518,941,1,5,1
327518,12923,1,1,1
327518,423,1,5,1
327518,4360,1,3,1
327518,2557,1,2,1
327518,5139,1,3,1
327518,10579,1,3,1
327518,37153,1,5,1
328818,16298,1,5,1
328818,941,1,5,0
328818,39792,1,4,0
328818,22427,1,4,0
328818,759,1,3,0
328818,12923,1,1,1
328818,50621,1,3,1
328818,40372,1,5,0
328818,2557,1,3,0
328818,26092,1,4,0
329041,759,1,3,0
329041,1218,1,4,0
329041,16298,1,4,0
329041,14318,1,3,0
329041,19534,1,4,0
329041,22426,1,2,0
329041,24968,1,4,0
329041,1167,1,3,0
329041,27500,1,3,0
329041,15196,1,5,0
329041,428,1,2,0
329041,50811,1,4,0
329041,274621,1,3,0
329041,66172,1,3,0
329041,39792,1,3,0
329041,33996,1,4,0
329041,77728,1,3,0
329041,44446,1,4,0
329041,68513,1,3,0
329041,231823,1,3,0
330376,759,1,3,0
330376,941,1,5,0
330376,1123,1,5,0
330376,14812,1,3,0
330376,8703,1,3,0
330376,14684,1,5,0
330376,1067,1,4,0
330376,1366,1,2,0
330376,434313,1,4,0
330376,14664,1,5,0
330393,1218,1,2,0
330393,759,1,1,0
330393,16298,1,3,0
330393,1123,1,3,0
330393,14318,1,4,0
330393,6810,1,3,0
330393,51881,1,4,0
330393,423,1,4,0
330393,25946,1,4,0
330393,19534,1,3,0
330393,27500,1,3,0
330393,58944,1,4,0
330393,23791,1,3,0
330393,66172,1,4,0
330393,2557,1,1,0
332430,51105,1,3,0
332430,1077024,1,5,0
332430,128073,1,5,0
332430,128236,1,3,0
332430,941,1,4,0
332430,77505,1,3,0
332430,152385,1,2,0
332430,14318,1,5,0
332430,190523,1,3,0
332430,906697,1,4,0
332430,8172,1,3,0
332430,181242,1,2,0
332430,149477,1,4,0
332430,1504,1,3,1
332430,74978,1,4,0
333381,941,1,5,0
333381,14455,1,3,0
333381,45685,1,3,0
333381,45681,1,3,0
333381,18804,1,3,0
333381,16298,1,3,0
333381,870,1,2,0
333381,423,1,2,0
333381,64732,1,3,0
333381,14318,1,4,0
333381,59854,1,4,0
333381,17722,1,3,0
333381,61661,1,3,0
333381,185151,1,2,0
333381,13764,1,3,0
333381,380548,1,3,0
333381,21330,1,3,0
333381,87702,1,3,0
333381,188148,1,3,0
333381,127175,1,2,0
333381,73073,1,4,0
333381,188147,1,2,1
333381,65471,1,2,0
333381,68513,1,2,0
333941,413963,1,4,0
333941,136066,1,2,0
333941,27500,1,4,0
333941,44883,1,5,0
333941,44881,1,5,0
333941,51605,1,2,0
333941,5891,1,3,0
333941,10616,1,2,0
333941,95438,1,2,0
333941,11535,1,4,0
333941,510627,1,4,0
335222,66172,1,5,0
335222,45325,1,5,0
335222,55218,1,4,0
335222,413963,1,4,0
335222,41781,1,5,0
335222,207557,1,5,0
335222,48978,1,5,1
335222,48974,1,4,0
335222,403648,1,4,0
335222,44881,1,4,0
335222,44883,1,4,0
335222,693095,1,4,0
335222,136066,1,4,0
335222,139226,1,5,0
335222,274621,1,4,0
335222,162089,1,5,0
335222,1123,1,5,0
335222,8812,1,5,1
335385,47629,1,5,0
335385,89053,1,5,0
335385,282084,1,3,0
335385,248879,1,4,0
335385,60224,1,4,0
335385,60222,1,4,0
335385,60223,1,4,0
335385,60220,1,4,0
335385,13912,1,4,0
335385,13872,1,5,0
335385,143469,1,3,0
335385,143467,1,3,0
335385,107611,1,4,0
335385,58930,1,4,0
335385,68519,1,3,0
335385,12923,1,4,0
335385,58976,1,4,0
335385,12969,1,4,0
335385,13119,1,3,0
335385,221271,1,4,0
335385,941,1,4,0
335385,14318,1,3,0
335385,759,1,4,0
335385,26936,1,4,0
339411,6689,1,5,0
339411,23053,1,5,0
339411,10579,1,5,0
339411,5665,1,5,0
339411,51606,1,5,0
339411,51603,1,5,0
339411,941,1,5,0
339411,66027,1,3,0
339411,48978,1,5,0
339411,48974,1,5,0
339411,207557,1,5,0
339411,66172,1,3,0
339411,45325,1,3,0
339411,564116,1,3,0
339411,19430,1,1,0
339411,1067,1,5,0
339411,1504,1,5,0
339411,57357,1,3,0
339411,2369,1,5,0
339411,2934,1,2,0
339411,37153,1,4,0
339411,15750,1,2,0
340639,759,1,5,0
340639,941,1,5,0
340639,423,1,3,0
340639,16298,1,4,0
340639,14318,1,4,0
340639,13119,1,4,0
340639,12969,1,5,0
340639,428,1,2,0
340639,27500,1,5,0
340639,24968,1,2,0
340639,50811,1,3,0
340639,870,1,4,0
340639,342445,1,5,0
340639,91055,1,4,0
340639,218696,1,4,0
340639,871,1,4,0
340639,39792,1,4,0
340639,13113,1,4,0
341443,759,1,2,0
341443,941,1,4,0
341443,22425,1,3,0
341443,16298,1,4,0
341443,39792,1,2,0
341443,14948,1,3,0
341443,25016,1,3,0
341443,428,1,3,0
341443,77728,1,4,0
341443,77690,1,4,0
341443,75576,1,3,1
341443,60720,1,3,0
341443,1218,1,3,1
341443,1366,1,5,1
341443,1368,1,4,0
341443,8600,1,3,1
341731,759,1,5,0
341731,941,1,4,0
341731,55218,1,4,0
341731,42826,1,4,0
341731,68519,1,4,0
341731,27500,1,5,0
341731,58944,1,5,1
341731,196150,1,4,1
341731,61049,1,5,0
341731,82708,1,3,1
341731,58976,1,4,0
341731,51106,1,5,1
341731,110871,1,3,1
341766,759,1,4,0
341766,941,1,5,0
341766,16298,1,5,0
341766,6810,1,5,0
341766,6057,1,5,0
341766,1123,1,4,0
341766,22426,1,5,0
341766,25946,1,5,0
341766,5415,1,1,0
341766,2015,1,3,0
341766,12923,1,3,0
341766,1218,1,3,0
341766,2013,1,3,0
341766,50811,1,4,0
341766,428,1,3,0
341766,2557,1,4,0
341766,1368,1,5,0
341766,28660,1,5,0
341766,1167,1,2,0
341766,21352,1,5,0
341766,102109,1,4,0
341766,5345,1,4,0
341876,759,1,1,0
341876,941,1,5,0
341876,16298,1,3,0
341876,1123,1,5,0
341876,25016,1,2,0
341876,5210,1,3,0
341876,5415,1,3,0
341876,5414,1,3,0
341876,56912,1,2,0
341876,105077,1,3,0
341876,93315,1,2,0
341876,6749,1,2,0
341876,57357,1,3,0
342837,16192,1,3,0
342837,21682,1,2,0
342837,22427,1,2,0
342837,16298,1,3,0
342837,1504,1,5,1
342837,81662,1,4,0
342837,38262,1,5,0
342837,57357,1,2,1
342837,1218,1,3,0
342837,1368,1,5,0
342837,1123,1,3,0
342837,22426,1,4,0
342837,759,1,4,0
342837,19430,1,4,0
342837,1988,1,2,0
342837,8172,1,3,0
342837,18128,1,4,1
342868,759,1,5,0
342868,941,1,4,0
342868,1123,1,5,0
342868,19534,1,4,0
342868,22426,1,3,0
342868,14817,1,3,0
342868,21290,1,5,0
342868,21682,1,3,0
342868,16298,1,4,0
342868,1504,1,5,0
342868,8600,1,4,0
342868,2369,1,4,0
342868,37153,1,4,0
343062,759,1,3,0
343062,1123,1,3,0
343062,21337,1,3,0
343062,39031,1,2,0
343062,42007,1,4,0
343062,90673,1,2,0
343062,29489,1,3,0
343062,204980,1,5,0
343062,870,1,3,0
343062,1218,1,2,0
343062,941,1,5,0
343062,145219,1,5,0
343062,871,1,1,1
343062,104039,1,5,0
343062,423,1,4,0
343062,219192,1,1,0
343062,29397,1,5,0
343062,22207,1,3,0
343062,1067,1,4,0
343062,17998,1,3,0
343432,941,1,5,0
343432,25016,1,5,0
343432,128236,1,2,0
343432,5415,1,4,0
343432,1123,1,5,0
343432,1218,1,3,0
343432,21330,1,3,0
343432,1067,1,2,0
343432,320030,1,3,0
343432,45681,1,4,0
343432,45685,1,4,0
343432,60720,1,4,0
343432,939992,1,5,0
343432,176906,1,5,0
343432,333521,1,3,0
343432,73073,1,5,0
343432,46190,1,3,0
343432,105251,1,4,1
343432,19430,1,5,1
343432,37261,1,5,1
343432,39876,1,3,1
344127,941,1,5,0
344127,22426,1,5,0
344127,759,1,3,0
344127,39030,1,5,0
344127,68615,1,4,0
344127,40260,1,4,0
344127,145219,1,4,0
344127,47622,1,4,0
344127,1366,1,4,0
345131,759,1,5,0
345131,941,1,4,0
345131,21337,1,4,0
345131,16298,1,5,0
345131,1218,1,4,0
345131,870,1,3,0
345131,48623,1,4,0
345131,61663,1,4,0
345131,22426,1,4,0
345131,1368,1,5,0
345888,759,1,5,0
345888,1123,1,4,0
345888,423,1,5,0
345888,22426,1,4,0
345888,31862,1,4,0
345888,1218,1,3,0
345888,428,1,5,0
345888,13119,1,4,0
345888,6956,1,3,0
345888,14064,1,4,0
345888,17722,1,5,0
345888,22613,1,3,1
347794,941,1,4,0
347794,871,1,4,1
347794,22425,1,2,0
347794,39792,1,3,0
347794,759,1,3,0
347794,423,1,3,0
347794,22426,1,1,0
347794,21682,1,3,0
347794,22427,1,4,0
347794,1123,1,1,0
347794,14948,1,1,0
347794,874,1,1,1
347794,24964,1,3,0
347794,1218,1,4,0
347794,42826,1,2,0
347969,941,1,5,1
347969,21290,1,5,0
347969,6956,1,3,0
347969,14064,1,3,0
347969,759,1,5,0
347969,1123,1,5,0
347969,16298,1,4,0
347969,19534,1,5,1
347969,102241,1,3,1
347969,25711,1,1,1
347969,23792,1,4,1
347969,5139,1,4,1
347969,17364,1,4,1
347969,9556,1,4,1
347969,37153,1,5,1
347969,60223,1,4,0
347998,941,1,4,0
347998,39792,1,2,0
347998,759,1,3,0
347998,870,1,4,0
347998,40260,1,3,0
347998,1218,1,3,0
347998,1123,1,2,0
347998,22613,1,3,0
347998,210783,1,3,0
347998,17123,1,1,0
347998,24964,1,3,0
347998,48623,1,4,0
347998,22427,1,4,0
347998,871,1,4,0
347998,874,1,3,0
347998,423,1,3,0
347998,12969,1,4,0
347998,16570,1,4,0
347998,16192,1,1,0
349213,759,1,4,0
349213,941,1,5,0
349213,1123,1,4,0
349213,870,1,3,0
349213,422,1,4,0
349213,28766,1,4,0
349213,872,1,4,0
349213,14684,1,4,0
349213,874,1,3,0
349213,871,1,3,0
349213,202358,1,4,0
349213,22426,1,3,0
349213,17364,1,4,0
349213,423,1,3,0
349213,7909,1,2,0
349213,18600,1,2,0
349213,14948,1,3,0
349213,70956,1,4,0
349213,151780,1,4,0
349213,1368,1,4,0
349213,226072,1,3,0
349213,143469,1,4,0
349213,143467,1,3,0
349709,759,1,4,0
349709,66559,1,3,0
349709,396007,1,4,0
349709,6956,1,3,0
349709,14064,1,2,0
349709,871,1,3,0
349709,870,1,4,0
349709,874,1,3,0
349709,941,1,4,0
349709,42826,1,3,0
349709,47493,1,3,0
349709,16618,1,3,0
349709,13912,1,3,0
349709,436582,1,2,0
349709,13119,1,5,0
349709,872,1,3,0
349709,404122,1,4,0
349709,12969,1,3,0
349709,395952,1,3,0
349709,145219,1,4,0
349760,19137,1,5,0
349760,163826,1,5,0
349760,163529,1,4,0
349760,51505,1,4,0
349760,129114,1,4,0
349760,219675,1,5,0
349760,543144,1,4,0
349760,71332,1,5,0
349760,108230,1,5,0
349760,348543,1,5,0
349760,64737,1,5,0
349760,298273,1,5,0
349760,16193,1,5,0
349760,44543,1,5,0
349760,12622,1,5,0
349760,37261,1,5,0
349760,64305,1,5,0
349760,111042,1,5,0
349760,102241,1,5,0
349760,363395,1,5,0
349760,37997,1,5,0
349760,274064,1,2,0
349760,9961,1,5,0
349760,155054,1,5,0
349760,10959,1,5,0
349760,1001564,1,5,0
349760,38469,1,5,0
349760,71235,1,5,0
349760,64482,1,4,0
349760,121468,1,5,0
349760,431365,1,5,0
349760,321572,1,4,0
349760,37775,1,5,0
349760,97569,1,5,0
349760,51481,1,3,0
349760,24152,1,5,0
349760,579833,1,4,0
349760,372931,1,5,0
349760,40484,1,5,0
349760,57257,1,5,0
349760,1883,1,5,0
349760,10616,1,4,0
349760,65557,1,5,0
349760,10579,1,3,0
349760,471562,1,5,0
351015,759,1,4,0
351015,1218,1,5,0
351015,14064,1,3,0
351015,1123,1,5,0
351015,22426,1,3,0
351015,874,1,2,0
351015,13194,1,3,0
351015,941,1,4,0
351015,100214,1,3,1
351015,1167,1,3,1
351015,14812,1,4,0
351045,720717,1,5,1
351045,23791,1,5,0
351045,100967,1,5,0
351045,12328,1,5,0
351045,2933,1,3,0
351045,47724,1,2,0
351045,1878,1,5,0
351045,6689,1,5,0
351045,120566,1,3,0
351045,48423,1,5,0
351045,61049,1,4,0
351045,61043,1,2,0
351045,2404,1,5,0
351045,526627,1,4,0
351045,5665,1,5,0
352961,8172,1,3,0
352961,17125,1,3,0
352961,66293,1,3,0
352961,100214,1,3,0
352961,759,1,5,0
352961,17581,1,4,0
352961,12922,1,3,0
352961,66559,1,3,0
352961,872,1,3,0
352961,1067,1,3,0
352961,1366,1,4,0
353020,6810,1,3,1
353020,47621,1,4,1
353020,38263,1,4,1
353020,16192,1,4,1
353020,239643,1,3,1
353020,211946,1,4,1
353020,52184,1,5,1
353020,81048,1,5,1
353020,37328,1,3,1
353020,885144,1,5,1
353020,67397,1,3,1
353020,118178,1,2,1
353020,57148,1,4,1
353161,8172,1,5,0
353161,25946,1,4,0
353161,1489431,1,4,0
353161,16298,1,5,1
353161,142773,1,4,0
353161,60720,1,4,0
353161,18804,1,5,0
353161,18803,1,5,0
353161,93315,1,5,0
353161,45685,1,4,0
353161,45681,1,4,0
353161,185151,1,3,0
353161,91056,1,3,0
353161,127175,1,3,0
353161,4530,1,4,0
353161,127672,1,5,0
353161,185117,1,4,0
353161,2557,1,5,0
353161,28240,1,4,0
353161,50621,1,4,0
353161,759,1,3,0
353161,72855,1,5,0
353493,21337,1,3,0
353493,941,1,5,0
353493,39792,1,5,0
353493,759,1,5,0
353493,128236,1,3,0
353493,22425,1,3,0
353493,16298,1,3,0
353493,39030,1,4,0
353493,13270,1,4,0
353493,423,1,4,0
353493,34542,1,4,1
353493,14812,1,3,0
354068,6810,1,1,0
354068,941,1,5,0
354068,50811,1,3,0
354068,2368,1,4,0
354068,1123,1,4,0
354068,1368,1,5,0
354068,23791,1,5,0
354068,110871,1,3,0
354068,2367,1,3,0
354068,19430,1,3,0
354068,58930,1,4,0
354361,55218,1,5,0
354361,324085,1,5,0
354361,274622,1,5,0
354361,66559,1,5,0
354361,60222,1,5,0
354361,30574,1,5,0
354361,971320,1,5,0
354361,151398,1,5,0
354361,44883,1,5,0
354361,53774,1,5,0
354361,60220,1,5,0
354361,324083,1,5,0
354361,5738,1,5,1
354361,257653,1,5,0
354361,218747,1,5,0
354361,406581,1,5,1
354361,99284,1,5,0
354361,64582,1,5,0
354928,759,1,4,0
354928,37405,1,3,0
354928,520632,1,2,0
354928,6956,1,3,0
354928,14064,1,3,0
354928,48978,1,2,0
354928,151780,1,3,0
354928,70956,1,3,0
354928,47626,1,2,0
354928,47622,1,3,0
354928,80313,1,3,0
354928,80311,1,3,0
354928,8703,1,3,0
354928,128236,1,3,0
354928,17364,1,3,0
354928,22426,1,4,0
354928,105074,1,3,0
354928,22460,1,3,0
354928,22463,1,2,0
354928,22461,1,2,0
354928,22613,1,4,0
355310,759,1,3,0
355310,941,1,5,0
355310,1123,1,3,0
355310,871,1,3,0
355310,105074,1,4,0
355310,77690,1,3,0
355310,12923,1,4,0
355310,219639,1,3,0
355310,105679,1,3,0
355310,77728,1,3,0
355310,61663,1,3,0
355310,604228,1,4,0
355310,14064,1,3,0
355310,48666,1,4,0
355310,6956,1,3,0
355310,1067,1,3,0
355310,870,1,4,0
355310,1203769,1,3,0
357128,759,1,3,0
357128,941,1,5,0
357128,1218,1,5,0
357128,1167,1,4,0
357128,423,1,3,0
357128,16298,1,3,0
357128,22425,1,5,0
357128,12923,1,3,0
357128,81662,1,3,0
357128,48104,1,3,0
357128,1123,1,3,0
357128,16564,1,4,0
357128,1368,1,4,0
357128,1366,1,5,0
357128,332631,1,3,0
357128,105251,1,4,0
357128,18226,1,3,0
357128,16570,1,4,0
357128,68355,1,4,0
357128,19631,1,4,0
357472,17123,1,5,0
357472,17581,1,4,0
357472,21337,1,4,0
357472,59793,1,3,0
357472,941,1,4,0
357472,25890,1,3,0
357472,111595,1,4,0
357472,370789,1,3,0
357472,1327,1,3,0
357472,5415,1,4,0
357472,5414,1,3,0
357472,50937,1,3,0
357472,14318,1,5,0
357472,21974,1,3,0
357472,17162,1,3,0
357472,25946,1,4,1
357472,14812,1,4,1
357472,12923,1,4,0
357472,210297,1,2,1
357472,50811,1,4,1
357472,4944,1,1,1
357472,22427,1,5,1
357472,159056,1,4,1
357472,21188,1,5,1
357472,78393,1,3,1
357472,18261,1,4,1
357472,38264,1,3,1
357472,13470,1,5,1
357472,1123,1,5,0
357472,81048,1,5,1
357472,849122,1,3,1
357472,327702,1,4,1
357472,17998,1,4,1
357472,68513,1,4,1
357472,78234,1,5,1
357472,40372,1,2,1
357472,196361,1,3,1
358113,941,1,4,0
358113,759,1,2,0
358113,14948,1,3,0
358113,68317,1,1,1
358113,17365,1,4,1
358113,25946,1,4,0
358113,1067,1,4,0
358113,12923,1,5,0
358113,24270,1,1,1
358113,142458,1,4,0
358113,42002,1,3,0
358113,425,1,2,1
358113,22349,1,2,0
358113,1218,1,4,0
358113,28822,1,3,0
358113,120829,1,3,0
358113,17998,1,2,0
358113,68355,1,4,0
358113,17275,1,2,0
358136,26936,1,3,0
358136,60224,1,3,0
358136,105074,1,3,0
358136,58930,1,4,0
358136,12923,1,4,0
358136,941,1,5,0
358136,24968,1,4,0
358136,68519,1,3,0
358136,27500,1,3,0
358136,60223,1,3,0
358136,58973,1,4,0
358136,759,1,3,0
358136,1218,1,4,0
358136,58944,1,5,1
358136,60220,1,4,0
358136,17365,1,4,0
358136,102306,1,4,0
358136,2369,1,4,0
358136,1504,1,4,0
358540,104159,1,4,0
358540,5665,1,5,0
358540,51606,1,5,0
358540,598196,1,4,0
358540,68519,1,4,0
358540,10959,1,1,1
358540,213472,1,4,0
358540,763327,1,3,1
358540,412347,1,4,1
358540,5891,1,4,0
358540,5890,1,4,0
358540,10570,1,4,1
358540,156530,1,3,0
358540,95433,1,3,1
358540,95432,1,3,0
358540,9961,1,4,1
358540,61044,1,4,1
358540,9073,1,3,1
359024,759,1,5,0
359024,105074,1,5,1
359024,14318,1,5,0
359024,1218,1,4,0
359024,58944,1,5,0
359024,27507,1,4,0
359024,58945,1,5,1
359024,1067,1,1,1
359024,6810,1,4,0
359024,18261,1,4,0
359024,12923,1,3,0
359024,16564,1,4,0
359024,941,1,5,0
359024,75602,1,3,0
359577,90673,1,4,0
359577,14318,1,4,0
359577,50811,1,5,0
359577,1218,1,3,0
359577,13872,1,3,0
359577,39031,1,2,0
359577,25016,1,4,0
359577,47629,1,5,0
359577,45287,1,4,0
359577,27500,1,4,0
359577,21682,1,3,0
359577,89053,1,4,0
359577,68519,1,4,0
359577,62101,1,4,0
359577,941,1,4,0
359577,1167,1,3,0
359577,61926,1,3,0
359577,39792,1,3,0
359577,60224,1,4,0
359577,60220,1,3,0
359577,12923,1,4,0
359577,221271,1,4,0
359577,14233,1,3,0
359577,22207,1,4,0
359577,47622,1,3,0
359577,5139,1,3,1
359577,17365,1,4,0
359577,18792,1,3,0
359577,2369,1,4,0
359577,1504,1,5,0
359577,4530,1,3,0
359577,1123,1,2,1
359577,19430,1,4,0
359577,40941,1,4,1
359577,6297,1,3,0
359577,21339,1,3,0
359577,40376,1,3,0
359577,26936,1,3,0
359577,135611,1,3,1
359577,17845,1,4,0
359577,78234,1,4,0
359577,16298,1,4,0
359577,373150,1,4,1
359577,51105,1,3,0
359577,1352305,1,3,1
359577,1368,1,3,1
360886,128236,1,5,0
360886,759,1,5,0
360886,423,1,4,0
360886,6956,1,4,0
360886,941,1,5,0
360886,14318,1,4,0
360886,85574,1,5,0
360886,224220,1,4,0
360886,39792,1,4,0
360886,77690,1,4,0
360886,105679,1,4,0
360886,22426,1,4,0
360886,16298,1,4,0
360886,21682,1,4,0
360886,22427,1,4,0
360886,428,1,4,0
360886,147393,1,4,0
360886,89299,1,4,0
364780,941,1,3,0
364780,12969,1,3,0
364780,12923,1,4,0
364780,13119,1,5,0
364780,14233,1,4,0
364780,17275,1,3,0
364780,61663,1,3,0
364780,22349,1,2,0
364780,61661,1,3,0
364780,17365,1,5,1
364780,58973,1,2,0
364780,94803,1,3,0
364780,13113,1,3,0
364780,13912,1,5,0
364780,24968,1,3,0
364780,13872,1,4,0
364780,62101,1,3,0
364780,61926,1,3,0
364780,248870,1,3,0
364780,759,1,4,0
364780,48623,1,5,0
364780,6956,1,5,0
364780,14064,1,4,0
364780,47629,1,4,0
364780,22208,1,4,1
364780,247094,1,5,1
364780,17364,1,4,1
364780,50930,1,4,1
364780,264681,1,3,1
364780,57043,1,3,1
366345,941,1,5,0
366345,182744,1,5,0
366345,60222,1,5,0
366345,60224,1,5,0
366345,200156,1,5,0
366345,23792,1,5,0
366345,242654,1,5,0
366345,156534,1,5,0
366345,60220,1,5,0
367303,759,1,4,0
367303,941,1,4,0
367303,61663,1,5,0
367303,16298,1,3,0
367303,3815,1,2,0
367303,6689,1,3,0
367303,2811,1,3,0
367303,2661,1,3,0
367303,19430,1,4,0
367303,51606,1,4,0
367303,51603,1,4,0
367303,39876,1,4,0
367303,1504,1,5,0
367303,22426,1,4,0
367564,306267,1,4,0
367564,27400,1,4,0
367564,164255,1,4,0
367564,218693,1,4,0
367564,1883,1,5,0
367564,810337,1,3,0
367564,111042,1,4,1
367564,10579,1,5,0
367564,546190,1,4,1
367564,537338,1,3,1
367564,209487,1,3,1
367564,228331,1,3,1
367564,64305,1,4,0
367564,9556,1,5,1
367564,21339,1,4,0
367564,928205,1,4,0
367564,9073,1,3,0
367564,9439,1,4,0
367564,19430,1,4,0
367564,249311,1,3,1
367890,5738,1,4,1
367890,47626,1,4,1
367890,47621,1,4,1
367890,47622,1,4,1
367890,47624,1,4,1
367890,1167,1,4,1
367890,33538,1,4,1
367890,23792,1,4,1
367890,158988,1,2,1
367890,71247,1,4,1
367890,274622,1,4,1
367890,65557,1,4,1
367890,60223,1,4,1
367890,37546,1,4,1
367890,38264,1,3,1
367890,21290,1,4,1
367890,17364,1,4,1
367890,1368,1,4,0
367890,1067,1,2,1
367890,46787,1,4,1
367890,105074,1,2,1
367890,60224,1,4,0
367890,60222,1,4,0
367890,60220,1,4,0
367890,71618,1,4,0
367890,417640,1,4,0
367890,111301,1,3,1
367890,111006,1,4,1
367890,37328,1,4,1
367890,197084,1,3,1
367890,21188,1,3,1
367890,94064,1,4,1
367890,146288,1,4,1
367890,16298,1,3,1
367890,1218,1,1,1
367890,1366,1,4,0
367890,147393,1,4,0
367890,18600,1,4,1
367890,31924,1,4,1
367890,8703,1,4,0
367890,28240,1,4,1
367890,64229,1,2,0
371462,941,1,5,0
371462,12923,1,4,0
371462,16298,1,5,0
371462,56913,1,4,0
371462,42826,1,4,0
371462,22463,1,4,0
371462,22460,1,4,0
371462,22461,1,4,0
371462,14948,1,4,0
371462,1218,1,3,0
371462,13119,1,4,0
371462,19534,1,3,0
371462,1368,1,5,0
371462,1366,1,3,0
371462,18261,1,4,0
371462,176561,1,4,0
371462,1504,1,4,0
371462,18600,1,5,0
371462,8600,1,4,0
371462,19430,1,4,0
371462,2369,1,4,0
371462,17364,1,4,0
372301,22426,1,5,0
372301,941,1,4,0
372301,14318,1,4,0
372301,759,1,2,0
372301,267973,1,5,0
372301,178300,1,3,0
372301,185151,1,5,0
372301,6956,1,4,0
372301,545983,1,2,0
372301,91056,1,3,0
372301,351402,1,5,0
372301,14455,1,5,0
372301,12969,1,5,0
372301,77728,1,4,0
372301,14350,1,3,0
372301,16298,1,3,0
372301,337925,1,4,0
373541,1123,1,5,0
373541,759,1,5,0
373541,1218,1,2,0
373541,12969,1,5,0
373541,94063,1,4,0
373541,22425,1,3,0
373541,941,1,3,0
373541,16298,1,3,0
373541,284421,1,4,0
373541,14069,1,2,0
373541,28660,1,5,0
373928,1123,1,4,0
373928,162089,1,4,0
373928,207557,1,3,0
373928,16298,1,3,0
373928,77507,1,3,0
373928,134025,1,3,0
373928,39031,1,3,0
373928,5738,1,4,0
373928,359407,1,3,0
373928,31924,1,4,0
373928,71247,1,3,0
373928,255149,1,3,0
373928,46787,1,2,0
373928,41781,1,3,0
374186,16298,1,5,0
374186,28664,1,5,0
374186,28660,1,5,0
374186,97569,1,5,1
374186,38068,1,5,0
374186,37997,1,5,1
374186,5345,1,5,0
374186,51923,1,5,1
374186,1218,1,5,0
374186,941,1,5,0
374186,4360,1,5,0
374186,22425,1,4,0
374186,38560,1,5,0
374186,19430,1,5,0
374186,1368,1,5,0
374186,2557,1,5,0
374186,39876,1,4,0
375271,941,1,5,0
375271,394914,1,4,0
375271,27400,1,4,0
375271,306267,1,3,0
375271,44883,1,5,0
375271,44881,1,5,0
375271,48974,1,4,0
375271,48978,1,4,0
375271,111301,1,5,0
375271,19137,1,2,0
375271,23792,1,4,0
375271,45292,1,4,0
375271,598196,1,4,0
375271,1160501,1,3,0
375271,12523,1,4,0
375271,71247,1,5,0
375271,38469,1,4,0
375271,12328,1,2,0
375271,12067,1,3,0
375271,156532,1,4,0
375271,100967,1,3,0
375271,139221,1,4,0
375271,125628,1,5,0
375271,53179,1,4,0
375271,23053,1,2,0
375271,175141,1,5,0
375271,10417,1,4,0
375271,44545,1,3,0
375271,96144,1,4,0
375271,295047,1,3,0
375271,10579,1,4,0
375271,61049,1,5,0
375271,9517,1,4,0
375271,298273,1,2,0
375271,110968,1,3,0
375271,61043,1,4,0
375271,2369,1,4,0
375271,44543,1,4,0
375271,110967,1,3,0
375271,111002,1,3,1
375271,151686,1,4,0
375271,9073,1,3,0
375271,9439,1,3,0
375271,110871,1,4,0
375271,9961,1,5,1
375271,110960,1,4,0
375271,103164,1,4,0
375271,124474,1,3,0
375842,19534,1,4,0
375842,146288,1,5,0
375842,38262,1,3,0
375842,125844,1,3,0
375842,105077,1,3,0
375842,11535,1,3,0
375842,9556,1,4,0
375842,9752,1,3,0
375842,23054,1,3,0
375842,9439,1,3,0
375842,15719,1,4,0
375842,8492,1,4,0
376123,22463,1,3,0
376123,22460,1,4,0
376123,22461,1,4,0
376123,5414,1,3,0
376123,941,1,5,1
376123,87702,1,5,0
376123,324083,1,5,0
376123,25946,1,5,0
376123,56913,1,5,0
376123,294213,1,5,0
376123,68615,1,5,0
376123,525995,1,5,0
376265,25015,1,4,0
376265,1167,1,3,0
376265,1368,1,4,0
376265,108445,1,3,0
376265,217156,1,3,0
376265,8600,1,3,0
376265,144789,1,1,1
376265,175242,1,5,0
376815,89053,1,4,0
376815,22344,1,4,0
376815,47493,1,4,0
376815,48623,1,4,0
376815,941,1,5,0
376815,61974,1,4,0
376815,42826,1,4,0
376815,17364,1,4,0
376815,12969,1,4,0
376815,513967,1,4,0
376815,14064,1,4,0
376815,14233,1,3,0
376815,39792,1,3,0
376815,96358,1,3,0
376815,47629,1,3,0
376815,13872,1,4,0
376815,107611,1,3,0
377347,16298,1,5,0
377347,423,1,3,0
377347,1218,1,4,0
377347,22425,1,4,0
377347,941,1,4,0
377347,651654,1,4,0
377347,759,1,3,0
377347,14318,1,3,0
377347,23791,1,4,0
377347,50811,1,4,1
377347,59855,1,3,1
377347,65557,1,3,0
377347,66027,1,3,0
377347,5139,1,3,1
377347,2557,1,4,1
377347,1504,1,4,1
377347,1366,1,4,1
377347,15719,1,3,1
377347,274465,1,4,1
377347,19430,1,3,1
377551,28240,1,3,0
377551,1067,1,3,0
377551,759,1,3,0
377551,941,1,4,0
377551,14318,1,5,0
377551,33996,1,4,0
377551,13270,1,3,0
377551,1368,1,3,0
377551,40372,1,4,0
377551,16298,1,3,0
377551,6810,1,3,0
377772,941,1,5,0
377772,5414,1,4,0
377772,5415,1,4,0
377772,239643,1,4,0
377772,51881,1,5,1
377772,158383,1,3,1
377772,25946,1,4,0
377772,19534,1,4,1
377772,52549,1,3,0
377772,1504,1,4,0
377772,118153,1,3,0
377772,207557,1,3,0
377772,274465,1,3,0
377986,60720,1,5,0
377986,759,1,3,0
377986,423,1,2,0
377986,22427,1,4,0
377986,428,1,2,0
377986,22425,1,3,1
377986,21682,1,3,0
377986,941,1,5,0
377986,66559,1,3,0
377986,147393,1,1,0
377986,81662,1,5,1
377986,16192,1,3,1
377986,19137,1,1,0
377986,1047270,1,3,0
377986,176228,1,2,1
377986,13470,1,3,1
377986,28729,1,4,1
377986,1366,1,3,1
377986,73343,1,3,1
377986,1368,1,3,1
377986,47621,1,3,1
377986,18804,1,3,1
377986,40372,1,3,1
378606,22425,1,3,0
378606,1123,1,4,0
378606,423,1,1,0
378606,16298,1,3,0
378606,20501,1,2,0
378606,128236,1,3,0
378606,31910,1,3,0
378606,30574,1,2,0
378606,1218,1,5,0
378606,759,1,4,0
378606,62573,1,3,0
378606,207916,1,3,0
378606,65497,1,3,0
378606,58945,1,3,0
378606,12923,1,2,0
378606,1368,1,4,0
378606,941,1,5,1
378606,2369,1,3,0
378606,872,1,4,0
378606,1504,1,5,1
378606,51106,1,4,1
378606,40372,1,3,1
378606,39792,1,3,1
378606,587316,1,4,1
378606,22427,1,3,1
378606,14948,1,3,1
378606,57257,1,4,1
379636,66172,1,5,0
379636,96144,1,1,0
379636,182744,1,5,0
379636,51481,1,3,0
379636,162089,1,5,0
379636,23791,1,3,0
379636,51605,1,3,0
379636,324083,1,4,0
379636,42190,1,5,0
379636,16298,1,5,0
379636,218729,1,4,0
379636,941,1,4,0
379636,17364,1,4,0
379636,44883,1,4,0
379636,24152,1,5,0
379636,23792,1,3,0
379636,759,1,3,0
379636,5891,1,4,0
379636,12523,1,3,0
379636,16570,1,4,0
379636,1123,1,4,0
379636,91024,1,4,0
379636,242654,1,5,0
379636,580880,1,5,0
379636,66027,1,4,0
379636,5665,1,5,0
379636,41781,1,1,0
379636,5139,1,5,0
379901,1218,1,4,0
379901,1123,1,3,0
379901,423,1,4,0
379901,759,1,4,0
379901,14812,1,4,0
379901,39792,1,5,0
379901,33996,1,4,1
379901,94063,1,4,0
379901,205046,1,4,0
379901,132559,1,4,0
379901,1368,1,5,0
379901,22426,1,4,0
379901,105962,1,4,0
379901,25673,1,4,0
379901,75497,1,4,0
379901,75495,1,4,0
379901,65474,1,5,0
379901,333721,1,5,0
380533,22425,1,4,0
380533,759,1,5,0
380533,12923,1,4,1
380533,16298,1,5,0
380533,77728,1,5,0
380533,14812,1,4,1
380533,941,1,5,0
380533,1218,1,4,1
380533,25711,1,3,0
380533,1123,1,3,0
380533,423,1,4,0
380533,1169655,1,5,0
380533,81662,1,4,0
380533,1368,1,4,0
380533,48666,1,3,0
380533,148472,1,4,0
380533,264963,1,4,0
380533,1067,1,5,1
382658,12969,1,5,0
382658,359062,1,4,0
382658,29397,1,3,0
382658,292947,1,5,0
382658,6956,1,3,1
382658,360931,1,4,0
382658,14064,1,3,0
382658,18803,1,3,0
382658,1067,1,3,1
382658,5738,1,2,0
382658,941,1,4,0
382658,41819,1,5,0
382658,77505,1,3,0
382658,759,1,4,0
382658,58350,1,3,0
382658,14455,1,3,0
382658,17364,1,4,0
382658,351402,1,3,0
382658,428,1,4,1
382658,21682,1,3,0
382658,871,1,3,0
382658,22426,1,3,0
382658,32065,1,5,0
384274,105077,1,5,0
384274,105074,1,4,0
384274,5139,1,5,0
384274,1067,1,5,0
384274,2369,1,5,0
384274,1504,1,4,0
384274,19430,1,4,0
384274,21339,1,4,0
384274,50472,1,3,0
384274,39876,1,4,0
384478,84265,1,3,0
384478,29478,1,5,0
384478,1167,1,4,0
384478,22349,1,4,0
384478,68513,1,3,0
384478,13119,1,3,0
384478,186074,1,5,0
384478,1218,1,4,0
384478,12923,1,4,0
384478,13113,1,5,0
384478,12969,1,4,0
384478,941,1,4,0
384478,24968,1,2,0
384478,13146,1,3,0
384478,15196,1,2,0
384478,61926,1,1,0
384478,759,1,3,0
384478,16618,1,4,0
384478,65497,1,3,0
384478,39792,1,3,0
384478,8172,1,3,0
384478,58350,1,4,0
384478,1123,1,3,0
384478,90673,1,4,0
384478,61974,1,1,0
384478,423,1,5,0
384478,282084,1,2,0
384478,14064,1,3,0
384816,25016,1,3,0
384816,17125,1,1,0
384816,1167,1,5,0
384816,22473,1,4,0
384816,126491,1,2,0
384816,16810,1,4,0
384816,21337,1,3,0
384816,13119,1,4,0
384816,759,1,4,0
384816,428,1,2,0
384816,871,1,1,0
384816,872,1,1,0
384816,164532,1,3,0
384816,213474,1,3,0
384816,100214,1,3,0
384816,234489,1,3,0
384816,870,1,1,0
384816,39030,1,3,0
384816,278785,1,2,0
384816,39792,1,4,0
386048,2369,1,5,0
386048,941,1,5,0
386048,62101,1,3,0
386048,14318,1,4,0
386048,22427,1,3,0
386048,22426,1,4,0
386048,759,1,2,0
386048,1123,1,5,0
386048,423,1,3,0
386048,1504,1,4,0
386048,128236,1,3,0
386048,16298,1,4,0
386048,37153,1,3,0
386048,224220,1,4,0
386225,91714,1,4,0
386225,14318,1,4,0
386225,25946,1,4,0
386225,12923,1,3,0
386225,14665,1,5,0
386225,123920,1,5,0
386225,1366,1,4,0
386225,14664,1,5,0
386225,18128,1,3,0
386225,14948,1,4,0
386225,50811,1,3,0
386406,12969,1,5,0
386406,50811,1,4,0
386406,941,1,5,0
386406,270730,1,4,0
386406,14318,1,5,0
386406,68519,1,3,0
386406,58944,1,5,0
386406,60223,1,4,0
386406,62101,1,4,0
386406,17275,1,5,0
386406,61049,1,1,0
386406,60224,1,4,0
386406,60222,1,3,0
386406,60220,1,3,0
386406,58764,1,3,0
386406,22349,1,4,0
386406,9961,1,3,0
386406,207557,1,2,0
386697,759,1,5,0
386697,13194,1,5,0
386697,941,1,3,0
386697,39792,1,5,0
386697,1218,1,3,0
386697,1167,1,4,0
386697,12923,1,2,0
386697,8600,1,3,1
386697,1504,1,4,0
386697,37069,1,4,1
386697,50937,1,2,0
386953,759,1,3,0
386953,68513,1,5,0
386953,13872,1,5,0
386953,16298,1,4,0
386953,25016,1,4,0
386953,423,1,3,0
386953,1167,1,4,0
386953,22425,1,5,0
386953,16192,1,3,0
386953,13912,1,5,0
386953,22426,1,3,0
386953,14812,1,4,0
386953,105074,1,4,0
386953,182600,1,4,0
388021,24478,1,5,0
388021,16618,1,5,0
388021,259920,1,5,0
388021,24682,1,5,0
388021,91715,1,3,0
388021,14064,1,2,0
388021,104039,1,5,0
388021,370789,1,5,0
388021,17581,1,5,0
388021,691059,1,5,0
388021,104260,1,5,0
388021,31866,1,4,0
388021,58652,1,2,0
388021,1169,1,5,0
388021,17998,1,4,0
388021,28822,1,4,0
388021,17994,1,4,0
388021,724667,1,2,0
388021,290276,1,4,0
388021,419929,1,4,0
388021,898794,1,4,0
388021,946480,1,4,0
388021,64416,1,4,0
388021,67085,1,4,0
388039,1123,1,2,0
388039,12923,1,4,0
388039,1218,1,3,0
388039,94721,1,4,0
388039,12969,1,3,0
388039,18261,1,4,0
388039,39792,1,3,0
388039,759,1,3,0
388039,941,1,4,0
388039,22618,1,4,0
388039,50811,1,4,0
388039,25016,1,3,0
388039,13119,1,4,0
388039,1504,1,4,0
388039,93315,1,3,0
388039,152387,1,3,0
388039,152385,1,5,0
388039,17998,1,4,0
388920,941,1,4,0
388920,759,1,5,1
388920,248326,1,1,0
388920,107611,1,4,0
388920,14233,1,4,0
388920,248876,1,3,0
388920,47629,1,3,0
388920,89053,1,3,1
388920,872,1,3,1
388920,39792,1,3,0
388920,428,1,4,1
388920,68519,1,3,1
388920,22307,1,3,1
388920,22426,1,5,0
388920,17365,1,4,1
388920,5415,1,3,1
388920,423,1,5,1
388920,870,1,2,0
388920,248879,1,4,1
388920,236383,1,5,1
388920,54270,1,3,1
389100,14318,1,5,0
389100,759,1,3,0
389100,13119,1,4,0
389100,5419,1,4,0
389100,5418,1,5,0
389100,16298,1,4,0
389100,24968,1,5,0
389100,5415,1,3,0
389100,941,1,5,0
389100,428,1,3,0
389100,22426,1,5,0
389100,2368,1,4,0
389100,186074,1,5,0
389100,170210,1,5,0
389100,1504,1,4,0
389625,13146,1,5,0
389625,58944,1,3,0
389625,155963,1,4,0
389625,5415,1,3,0
389625,89053,1,5,0
389625,122730,1,3,0
389625,58976,1,4,0
389625,122731,1,4,0
389625,759,1,3,0
389625,5418,1,3,0
389625,5419,1,3,0
389625,14318,1,5,0
389625,13119,1,3,0
389625,24968,1,4,0
389625,165908,1,4,0
389625,23792,1,3,0
389625,1218,1,2,0
389625,47629,1,5,0
389625,60224,1,4,0
389625,60222,1,4,0
389625,60223,1,3,0
389625,60220,1,4,0
389625,27507,1,3,0
389625,279626,1,3,0
389625,21337,1,3,0
389625,22426,1,3,0
389625,13872,1,4,0
389625,1123,1,1,0
389672,14350,1,4,0
389672,16298,1,5,0
389672,14318,1,5,0
389672,12923,1,3,0
389672,60720,1,3,0
389672,22426,1,4,0
389672,77728,1,5,0
389672,1218,1,2,0
389672,85574,1,5,0
390027,941,1,5,0
390027,17125,1,4,0
390027,14812,1,3,0
390027,56913,1,2,1
390027,56912,1,4,0
390027,39792,1,4,0
390027,54944,1,5,0
390027,28240,1,4,0
390027,40372,1,5,0
390456,759,1,2,0
390456,22426,1,4,0
390456,423,1,5,0
390456,14318,1,5,0
390456,61663,1,5,0
390456,85574,1,5,0
390456,14064,1,4,0
390456,6956,1,5,0
390456,178300,1,5,0
390456,874,1,4,0
390456,12923,1,5,1
390456,871,1,4,0
390456,21837,1,5,0
390456,21832,1,4,0
390456,21830,1,3,0
390456,941,1,4,0
390456,14948,1,4,0
390456,22207,1,4,0
390456,535765,1,5,0
390456,58944,1,4,0
391328,6956,1,2,0
391328,16298,1,5,0
391328,874,1,3,0
391328,48623,1,4,0
391328,29489,1,4,0
391328,14064,1,5,0
391328,941,1,5,1
391328,61998,1,4,0
391328,39792,1,4,0
391328,14948,1,5,1
391328,870,1,4,0
391328,871,1,3,0
391328,147802,1,4,0
391328,759,1,5,0
391328,1123,1,4,0
391328,423,1,4,0
391328,77505,1,4,0
391328,77504,1,5,0
391328,906484,1,5,0
391328,16618,1,3,0
391328,514694,1,4,1
391328,48666,1,3,1
391328,14318,1,3,1
391328,1218,1,5,1
391328,4191,1,4,1
391328,1429688,1,5,1
393386,159056,1,5,0
393386,1218,1,4,0
393386,941,1,4,0
393386,22426,1,5,0
393386,29478,1,5,0
393386,277841,1,3,1
393386,39792,1,4,1
393386,40929,1,3,1
393386,12923,1,1,1
393386,22304,1,4,1
393386,117811,1,3,1
394754,71332,1,5,1
394754,91024,1,4,0
394754,60220,1,2,1
394754,22620,1,4,0
394754,51481,1,4,1
394754,60223,1,5,0
394754,60224,1,5,0
396432,1218,1,1,0
396432,28660,1,3,0
396432,25016,1,2,0
396432,871,1,3,0
396432,759,1,5,0
396432,941,1,5,0
396432,48104,1,3,0
396432,150549,1,3,0
396432,37408,1,4,1
396432,50811,1,3,0
396432,21339,1,3,1
396432,14318,1,3,0
396432,82708,1,3,1
397036,33539,1,5,0
397036,5738,1,5,0
397036,22613,1,4,0
397036,66559,1,3,0
397036,47624,1,3,0
397036,47621,1,3,0
397036,47626,1,5,0
397036,8600,1,4,0
397036,964995,1,5,0
397036,103,1,4,0
397294,1504,1,2,0
397294,19430,1,5,0
397294,39796,1,5,0
397294,39795,1,5,1
397294,249867,1,5,0
397294,5665,1,5,0
397294,57106,1,5,1
397725,52953,1,5,0
397725,1218,1,1,0
397725,941,1,4,0
397725,2933,1,4,0
397725,10729,1,4,1
397725,1067,1,3,0
397725,9961,1,4,1
397725,9752,1,5,1
397725,9755,1,5,1
397725,12923,1,4,0
398560,941,1,5,0
398560,22463,1,3,0
398560,1218,1,3,0
398560,2557,1,4,0
398560,22461,1,3,0
398560,22460,1,3,0
398560,19534,1,3,0
398560,1368,1,3,0
398560,33541,1,3,0
398560,1123,1,5,0
399263,759,1,2,0
399263,941,1,5,0
399263,45685,1,4,0
399263,45681,1,4,0
399263,2557,1,4,1
399263,1504,1,4,0
399263,77505,1,3,0
399483,1123,1,1,0
399483,759,1,2,0
399483,13872,1,3,0
399483,16298,1,3,0
399483,423,1,3,0
399483,59019,1,3,0
399483,870,1,3,0
399483,941,1,4,0
399483,14318,1,4,0
399483,8172,1,3,0
399483,39792,1,3,0
399483,428,1,3,0
399483,21352,1,3,0
399483,871,1,2,1
400134,941,1,4,0
400134,12923,1,5,0
400134,38262,1,3,0
400134,23053,1,4,1
400134,2557,1,4,1
400134,9929,1,5,0
400134,9556,1,5,0
400134,23792,1,5,0
400134,1504,1,5,0
400134,24968,1,4,0
402852,39792,1,4,0
402852,77728,1,4,0
402852,28660,1,4,0
402852,24964,1,5,0
402852,428,1,5,0
402852,81662,1,5,0
402852,16192,1,4,0
402852,22426,1,5,0
402852,759,1,4,0
402852,1123,1,4,0
402852,8703,1,5,0
402852,1218,1,5,0
402852,47493,1,4,0
402852,31862,1,3,0
402852,159087,1,4,0
402852,18261,1,5,0
402852,586992,1,5,0
402852,71247,1,3,0
402852,38528,1,4,0
402852,941,1,5,0
402852,33539,1,4,0
402852,18600,1,5,0
402948,941,1,4,0
402948,39792,1,4,0
402948,12969,1,3,0
402948,871,1,3,0
402948,870,1,3,0
402948,872,1,4,0
402948,18792,1,4,0
402948,759,1,4,0
402948,58976,1,4,0
402948,13113,1,4,0
402948,423,1,5,0
402948,1167,1,4,0
402948,439008,1,2,1
402948,25016,1,2,0
402948,50811,1,4,0
402948,12923,1,4,0
402948,14318,1,4,0
402948,50937,1,3,0
402948,428,1,4,0
402948,22426,1,5,0
402948,23056,1,3,0
402948,122731,1,3,0
403160,28664,1,5,1
403160,941,1,5,0
403160,759,1,5,0
403160,28662,1,4,0
403160,16298,1,4,0
403160,39792,1,4,0
403160,35052,1,3,0
403160,1123,1,4,0
403160,1218,1,4,0
403160,40372,1,4,1
403836,16298,1,5,0
403836,1167,1,4,0
403836,941,1,5,0
403836,321572,1,5,0
403836,13470,1,3,0
403836,89299,1,3,0
403836,1366,1,5,0
403836,1368,1,5,0
403836,16564,1,4,0
403836,759,1,4,0
404019,14064,1,5,0
404019,941,1,5,0
404019,12969,1,5,0
404019,107456,1,5,0
404019,27500,1,5,0
404019,77505,1,5,0
404019,14176,1,5,0
404019,380548,1,5,0
404019,128236,1,5,0
404019,89053,1,5,0
404019,77504,1,5,0
404019,50811,1,5,0
404019,13764,1,5,0
404019,13769,1,5,0
404019,8172,1,5,0
404019,4191,1,5,0
404019,68519,1,5,0
404019,130755,1,5,0
404019,58944,1,5,0
404019,127175,1,5,1
404019,181182,1,5,0
406718,941,1,4,0
406718,13119,1,5,1
406718,14318,1,5,0
406718,21337,1,5,0
406718,39792,1,5,0
406718,142458,1,3,0
406718,759,1,4,1
406718,5415,1,4,1
406718,5414,1,3,1
406718,13912,1,4,1
406718,292469,1,5,0
406718,13146,1,3,1
406718,13764,1,3,0
406718,12969,1,3,0
406718,94721,1,4,0
406718,68513,1,5,0
406718,162236,1,3,1
406718,8172,1,3,1
406718,59019,1,2,1
406718,12923,1,3,1
406718,22473,1,2,1
406718,5419,1,4,1
406718,22425,1,4,0
406718,90673,1,2,0
406718,5418,1,3,1
406718,105074,1,1,1
406718,68519,1,3,1
406718,78393,1,3,1
406718,50937,1,4,1
406718,40372,1,3,1
406718,702186,1,3,1
406718,26092,1,4,1
406718,1504,1,3,1
406718,78234,1,1,1
407962,19534,1,4,0
407962,759,1,3,0
407962,24964,1,2,0
407962,941,1,4,0
407962,38262,1,3,0
407962,1368,1,5,0
407962,36252,1,4,0
408062,16298,1,4,0
408062,14318,1,5,0
408062,1123,1,2,0
408062,759,1,3,0
408062,68519,1,3,0
408062,22427,1,5,0
408062,55218,1,4,0
408062,25946,1,5,0
408062,423,1,3,0
408062,941,1,4,0
408062,19137,1,2,0
408062,24968,1,4,0
408062,12969,1,2,0
408062,14233,1,3,0
408062,87702,1,4,0
408062,60224,1,3,0
408062,413963,1,4,0
408062,94803,1,3,0
408062,47622,1,4,0
408062,47626,1,4,0
408062,47624,1,4,0
408062,48623,1,4,0
408062,473960,1,3,0
408062,47621,1,4,0
408126,423,1,3,0
408126,22426,1,4,0
408126,871,1,3,0
408126,941,1,5,0
408126,128236,1,3,0
408126,8172,1,3,0
408126,870,1,3,0
408126,16192,1,3,0
408126,759,1,2,0
408126,1067,1,4,0
408465,66559,1,3,0
408465,51605,1,4,0
408465,351708,1,4,0
408465,324083,1,4,0
408465,60224,1,5,0
408465,60223,1,4,0
408465,60222,1,5,0
408465,437557,1,4,0
408465,941,1,4,0
408465,58944,1,4,0
408465,17364,1,2,0
408465,60220,1,4,1
408465,53628,1,3,0
408465,16298,1,3,0
408465,110015,1,3,0
408465,116594,1,3,0
408465,116592,1,3,0
408465,66027,1,3,0
408465,182744,1,4,0
408465,110871,1,4,1
408465,23791,1,3,1
408465,93315,1,3,1
408465,759,1,3,0
408570,1123,1,4,0
408570,68311,1,5,0
408570,22427,1,4,0
408570,173907,1,4,0
408570,108626,1,4,0
408570,21337,1,4,0
408570,151398,1,4,0
408570,96986,1,4,0
408570,33539,1,4,0
408570,25711,1,4,1
408570,294855,1,4,0
408570,38769,1,4,1
408570,7909,1,4,0
408570,1368,1,5,1
408570,18600,1,4,0
409514,61663,1,3,0
409514,77507,1,5,0
409514,25673,1,5,0
409514,14318,1,5,0
409514,28569,1,4,0
409514,61926,1,5,0
409514,759,1,5,0
409514,22426,1,5,0
409514,941,1,5,0
409514,40260,1,4,0
409514,1368,1,5,0
409514,12969,1,5,0
409514,39792,1,3,0
409514,1067,1,5,0
409962,1167,1,2,0
409962,1123,1,3,0
409962,37405,1,1,0
409962,242654,1,3,0
409962,940536,1,4,0
409962,847106,1,3,0
409962,22613,1,3,0
409962,47624,1,2,0
409962,22426,1,2,0
409962,8703,1,3,0
409962,63916,1,3,0
409962,10618,1,2,0
409962,100731,1,2,0
409962,201161,1,2,0
409962,10570,1,3,0
409962,23791,1,3,0
409962,110968,1,2,0
410065,1123,1,3,0
410065,941,1,4,0
410065,14318,1,5,0
410065,22426,1,3,0
410065,871,1,4,0
410065,870,1,3,0
410065,874,1,4,0
410065,14455,1,3,0
410065,13764,1,3,0
410065,89053,1,4,0
410065,48666,1,2,0
410065,14948,1,3,0
410065,423,1,3,0
410345,1218,1,5,0
410345,25711,1,4,0
410345,19137,1,4,0
410345,8703,1,4,0
410345,95670,1,4,0
410345,941,1,5,0
410345,71235,1,3,0
410345,6689,1,5,0
410345,91055,1,4,0
410345,9556,1,4,0
410345,23056,1,4,0
410345,9929,1,3,0
410345,10034,1,4,0
410345,9553,1,4,0
410345,2557,1,3,0
410345,10658,1,4,0
410345,9516,1,4,0
410345,9438,1,4,0
410345,66172,1,4,0
410345,462244,1,3,0
410503,1167,1,2,0
410503,522834,1,5,0
410503,941,1,5,0
410503,21337,1,4,0
410503,1218,1,1,0
410503,759,1,4,0
410503,31862,1,4,0
410503,6956,1,2,0
410503,25673,1,5,0
410503,22426,1,3,0
410503,21682,1,4,0
410503,428,1,1,0
410503,39030,1,4,0
410503,22427,1,3,0
410503,18261,1,5,0
410503,7909,1,2,0
410503,16564,1,4,0
410503,17998,1,5,0
411610,1218,1,1,0
411610,17125,1,4,0
411610,25016,1,4,0
411610,45287,1,3,0
411610,39792,1,4,0
411610,14812,1,4,1
411610,14318,1,4,0
411610,12923,1,1,1
411610,116592,1,3,0
411610,1167,1,4,1
411610,50811,1,4,1
411610,13146,1,4,0
411610,12969,1,3,1
411610,13470,1,4,1
411610,62391,1,3,1
411610,191153,1,4,0
411610,1366,1,3,1
411610,941,1,5,1
411610,40372,1,3,1
411610,39876,1,3,1
411708,759,1,5,0
411708,1123,1,5,0
411708,30574,1,5,0
411708,5738,1,5,0
411708,14064,1,5,0
411708,6956,1,5,0
411708,105074,1,5,0
411708,47621,1,5,0
411708,351708,1,5,0
411708,96986,1,5,0
411708,871,1,4,0
411708,874,1,4,0
411708,872,1,5,0
411708,48974,1,5,0
411708,47626,1,5,0
411708,428,1,5,0
411708,22426,1,5,0
411708,47622,1,4,0
411708,60223,1,4,0
411708,60224,1,4,0
413178,1218,1,3,0
413178,25016,1,4,0
413178,608629,1,4,0
413178,396007,1,4,0
413178,59793,1,5,0
413178,1123,1,3,0
413178,423,1,5,0
413178,21337,1,3,0
413178,17722,1,3,0
413178,17364,1,3,0
413178,66559,1,3,0
413178,515688,1,2,0
413178,1368,1,5,0
413178,178693,1,4,0
413178,18600,1,3,0
413178,37069,1,5,0
413178,16564,1,4,0
413178,129585,1,4,0
413190,941,1,4,0
413190,759,1,5,0
413190,12969,1,3,0
413190,871,1,3,0
413190,22426,1,3,0
413190,39792,1,3,0
413190,164531,1,3,0
413190,21682,1,5,0
413190,28669,1,3,0
413190,28664,1,2,0
413190,423,1,3,0
413190,91714,1,3,0
413190,145219,1,5,0
413190,16192,1,2,0
413190,68615,1,3,0
413190,13119,1,3,0
415326,14817,1,3,0
415326,36253,1,3,0
415326,941,1,4,0
415326,429112,1,3,0
415326,1123,1,4,1
415326,105074,1,2,0
415326,28662,1,5,0
415326,22613,1,3,0
415326,164532,1,2,0
415326,14318,1,4,0
415326,7909,1,3,0
415326,1368,1,5,1
415326,14812,1,4,0
415326,33541,1,4,0
415326,284421,1,4,0
415345,13872,1,4,0
415345,58976,1,4,0
415345,122731,1,4,0
415345,8172,1,4,0
415345,870,1,3,0
415345,1218,1,3,0
415345,143469,1,3,0
415345,143467,1,3,0
415345,58944,1,3,0
415345,89053,1,3,0
415345,127175,1,4,0
415345,22207,1,4,0
415345,22349,1,3,0
415345,185117,1,3,0
415345,385040,1,2,1
415345,784173,1,5,1
415345,189182,1,3,1
415737,128236,1,5,0
415737,47622,1,5,0
415737,47626,1,2,0
415737,821200,1,4,0
415737,51605,1,5,0
415737,6956,1,5,0
415737,14064,1,2,0
415737,22421,1,4,1
415737,14358,1,2,0
415737,13630,1,2,0
415737,50811,1,3,0
415737,218696,1,3,0
415737,91055,1,3,0
415737,66027,1,4,0
415737,91024,1,5,1
415737,27400,1,2,0
415737,27500,1,3,0
415737,27507,1,3,0
415737,941,1,3,0
415737,342445,1,3,0
415737,2933,1,4,0
415737,23792,1,4,0
415737,71332,1,4,1
415737,520232,1,3,1
415737,111185,1,5,1
415737,22774,1,4,1
415737,634421,1,5,0
415737,9517,1,4,0
415737,879803,1,4,0
415737,2934,1,4,0
415737,110871,1,5,1
415737,462448,1,3,1
416653,22426,1,3,0
416653,1123,1,4,0
416653,759,1,3,0
416653,6956,1,3,0
416653,12923,1,2,0
416653,941,1,3,0
416653,14318,1,3,0
416653,15196,1,4,0
416653,84265,1,4,0
416653,13119,1,2,0
416653,12969,1,3,0
418123,105679,1,5,0
418123,105711,1,4,0
418123,5419,1,5,0
418123,5418,1,5,0
418123,941,1,5,0
418123,59854,1,3,0
418123,17845,1,5,0
418123,22425,1,3,0
418123,16298,1,5,0
418123,77690,1,5,0
418123,28424,1,5,0
418123,219639,1,5,0
418123,47241,1,5,0
418123,155963,1,5,0
418123,224220,1,5,0
418123,33530,1,5,0
418123,579228,1,5,0
420764,61926,1,3,0
420764,68513,1,4,0
420764,12923,1,3,0
420764,89053,1,4,0
420764,15196,1,4,0
420764,759,1,3,0
420764,941,1,4,0
420764,1218,1,4,0
420764,22349,1,4,0
420764,13119,1,3,0
420764,12969,1,5,0
420764,13113,1,4,0
420764,14233,1,4,0
420764,39792,1,3,0
420764,17275,1,4,0
420764,2369,1,4,0
420764,61663,1,3,0
420764,93315,1,3,0
420764,22208,1,3,0
420764,13872,1,4,0
420866,12328,1,4,0
420866,12622,1,4,0
420866,941,1,4,0
420866,14664,1,4,0
420866,2661,1,4,0
420866,5665,1,5,0
420866,110871,1,5,0
421478,941,1,5,1
421478,14318,1,4,0
421478,6810,1,4,0
421478,759,1,3,0
421478,2369,1,5,0
421478,14664,1,3,0
421478,59854,1,3,0
421478,2557,1,3,0
421478,19430,1,3,0
423730,60223,1,3,0
423730,66559,1,4,0
423730,941,1,5,0
423730,375369,1,5,0
423730,351708,1,3,0
423730,759,1,5,0
423730,1123,1,4,0
423730,39792,1,3,0
423730,71618,1,2,0
423730,423,1,5,0
423730,13270,1,5,0
423730,21682,1,5,0
423730,17722,1,3,0
423730,28564,1,4,0
423730,47621,1,4,0
423730,47622,1,5,0
423730,47624,1,4,0
423730,47626,1,5,0
423730,99284,1,3,0
423730,871,1,3,0
423730,870,1,1,0
423730,872,1,2,0
423730,874,1,1,0
423730,55218,1,3,0
423730,16192,1,4,0
423730,428,1,4,0
423730,22426,1,5,0
423730,17364,1,2,0
423730,46787,1,3,0
423730,16298,1,4,0
423730,62101,1,4,1
424544,941,1,3,0
424544,1123,1,4,0
424544,14664,1,5,0
424544,21337,1,4,0
424544,22426,1,3,0
424544,423,1,2,0
424544,12923,1,4,0
424544,61663,1,3,0
424544,406218,1,2,0
424544,707590,1,5,0
426039,31200,1,4,0
426039,14455,1,5,0
426039,185151,1,3,0
426039,676965,1,3,0
426039,351985,1,4,0
426039,537052,1,3,0
426039,537050,1,3,0
426039,77491,1,4,0
426039,30919,1,3,0
426039,14358,1,3,0
426039,337925,1,4,0
426039,24270,1,4,0
426039,14271,1,4,0
426039,279344,1,5,0
426039,279342,1,5,0
426039,232111,1,3,1
426039,279348,1,5,0
426039,337926,1,4,0
426039,310276,1,3,0
426039,1504,1,2,1
426039,140998,1,3,1
426793,16298,1,4,1
426793,941,1,5,0
426793,25946,1,5,0
426793,14684,1,4,0
426793,818360,1,5,0
426793,14812,1,3,0
426793,105792,1,3,0
426793,105716,1,4,0
426793,12923,1,4,1
426793,502555,1,4,0
426793,759,1,4,0
426793,22425,1,4,0
426793,19534,1,4,0
426793,51881,1,5,0
426793,14318,1,4,0
426793,13470,1,4,0
426793,1368,1,5,0
426793,1366,1,4,1
426793,28664,1,5,0
426793,17722,1,4,0
426793,1504,1,4,0
426793,2369,1,5,0
426793,37153,1,4,0
426793,12876,1,5,0
426793,181664,1,5,0
426793,64773,1,4,0
426793,40372,1,3,0
426793,28240,1,5,0
428421,941,1,5,0
428421,759,1,4,0
428421,12969,1,4,0
428421,22426,1,4,0
428421,5738,1,5,0
428421,18261,1,5,1
428421,8703,1,4,1
428421,423,1,3,0
428421,1368,1,4,0
428421,25711,1,4,0
429607,941,1,5,0
429607,759,1,5,0
429607,6956,1,5,0
429607,1123,1,3,0
429607,423,1,4,0
429607,428,1,5,0
429607,68519,1,3,0
429607,27500,1,4,1
429607,48978,1,4,0
429607,48974,1,4,0
429607,19137,1,2,1
429607,242654,1,4,0
429607,218696,1,2,1
429607,45292,1,3,0
429607,50811,1,3,1
429607,22463,1,2,0
429607,60224,1,4,1
429607,307630,1,4,0
429607,47622,1,3,1
429607,23791,1,4,1
429607,60222,1,4,1
429607,23792,1,4,0
429607,58944,1,5,1
429607,41781,1,3,1
429607,60220,1,4,1
429607,5665,1,4,1
429607,71247,1,3,1
429607,10417,1,4,0
429607,821185,1,3,0
429607,61049,1,3,0
429607,109427,1,4,0
429607,110871,1,4,0
429607,12923,1,1,1
429607,8600,1,3,0
431928,22426,1,5,0
431928,21682,1,5,0
431928,428,1,4,0
431928,1123,1,4,0
431928,759,1,4,0
431928,423,1,4,0
431928,60224,1,4,1
431928,60222,1,5,0
431928,19137,1,4,0
431928,110015,1,5,0
431928,91024,1,4,0
431928,941,1,4,0
431928,1218,1,4,1
431928,60223,1,5,1
431928,71235,1,5,1
431930,44881,1,4,0
431930,66172,1,5,0
431930,23792,1,4,0
431930,162089,1,2,0
431930,116473,1,5,0
431930,1123,1,5,0
431930,23791,1,4,1
431930,202358,1,4,0
431930,46119,1,4,0
432964,27507,1,3,0
432964,23792,1,4,0
432964,12523,1,4,1
432964,6689,1,5,1
432964,71332,1,4,1
432964,12328,1,4,1
432964,95670,1,3,0
432964,5665,1,5,1
432964,343405,1,4,1
432964,23054,1,4,0
432964,110960,1,5,1
432964,10618,1,4,0
432964,65515,1,4,1
432964,10617,1,3,0
432964,110581,1,4,0
432964,10579,1,3,0
432964,9752,1,4,0
432964,23012,1,5,1
432964,10570,1,4,1
432964,110968,1,4,0
432964,10417,1,4,0
432964,110967,1,4,0
432964,9438,1,5,1
432964,9073,1,3,0
432964,124474,1,4,0
432964,427305,1,5,0
432964,8492,1,4,1
433002,1218,1,4,0
433002,941,1,4,0
433002,1123,1,5,0
433002,871,1,3,0
433002,759,1,4,0
433002,12969,1,5,0
433002,68355,1,3,0
433002,17031,1,4,0
433002,29478,1,5,0
433002,17722,1,4,0
433002,12923,1,4,0
433002,14812,1,4,0
433002,17125,1,3,0
433002,21337,1,4,0
433002,31862,1,4,0
433002,8703,1,3,0
433002,423,1,4,0
433002,1167,1,4,0
433002,428,1,5,0
433002,1368,1,5,0
433002,20501,1,5,0
433002,18129,1,4,0
433002,74532,1,4,0
433037,77690,1,5,0
433037,28660,1,5,0
433037,28669,1,5,0
433037,586992,1,3,0
433037,941,1,5,0
433037,1123,1,4,0
433037,16298,1,5,0
433037,22427,1,3,0
433037,22425,1,3,0
433037,13470,1,3,0
433037,150987,1,3,0
433551,568569,1,4,0
433551,1123,1,3,1
433551,18261,1,3,1
433551,159296,1,4,0
433551,759,1,3,0
433551,21337,1,4,0
433551,1167,1,2,0
433551,33999,1,3,0
433551,25673,1,5,0
433551,34540,1,4,0
433551,941,1,4,0
433551,5738,1,3,0
433551,163791,1,4,0
433551,47621,1,4,0
433551,14812,1,2,0
433551,31862,1,2,0
434542,25016,1,3,0
434542,13872,1,3,0
434542,68519,1,4,1
434542,242654,1,4,1
434542,14948,1,3,0
434542,27500,1,4,1
434542,182744,1,4,1
434542,58930,1,4,1
434542,310986,1,5,1
434542,105074,1,2,1
434542,4424,1,5,1
434542,4422,1,4,1
434542,5419,1,4,1
434542,5418,1,4,1
434542,82708,1,4,1
434542,1504,1,1,1
434542,21339,1,1,1
434882,2933,1,4,0
434882,12622,1,5,0
434882,12328,1,5,0
434882,23056,1,4,0
434882,11296,1,5,0
434882,10959,1,5,0
434882,66172,1,4,0
434882,79712,1,4,0
434882,2404,1,4,0
434882,9961,1,5,0
434882,95355,1,4,0
434882,1032295,1,3,0
434882,849126,1,3,0
434882,104610,1,3,0
434882,9517,1,3,0
434882,68313,1,3,0
436977,17364,1,4,0
436977,1123,1,2,0
436977,759,1,5,0
436977,13119,1,4,0
436977,423,1,2,0
436977,47493,1,4,0
436977,941,1,4,0
436977,159056,1,3,0
436977,24711,1,3,0
436977,25016,1,3,1
436977,44883,1,4,1
436977,44881,1,3,0
436977,162089,1,4,1
436977,1218,1,4,1
436977,50811,1,3,1
436977,60224,1,5,1
436977,14948,1,3,0
436977,60223,1,4,1
436977,60222,1,4,0
436977,42826,1,3,1
436977,60220,1,4,1
436977,55218,1,3,1
436977,53628,1,3,1
436977,53774,1,3,1
436977,1368,1,5,1
436977,110015,1,3,1
436977,78234,1,3,1
437117,1123,1,2,0
437117,423,1,2,0
437117,40889,1,2,0
437117,13270,1,4,0
437117,941,1,3,0
437117,27500,1,4,0
437117,68519,1,3,0
437117,62101,1,5,0
437117,58944,1,4,0
437117,47629,1,5,0
437117,17275,1,5,1
437117,58930,1,4,0
437117,22207,1,4,0
437518,4360,1,4,0
437518,105077,1,3,0
437518,108296,1,5,0
437518,221029,1,4,0
437518,759,1,3,0
437518,56913,1,2,0
437518,22461,1,2,0
437518,22463,1,2,0
437518,22460,1,2,0
437518,2557,1,5,0
437518,50621,1,3,0
437518,5139,1,4,0
437518,1429800,1,4,0
437518,19430,1,2,0
437518,37153,1,3,0
437518,1067,1,2,0
437518,941,1,3,0
437518,111877,1,2,0
438121,871,1,3,0
438121,85574,1,5,0
438121,61663,1,3,0
438121,941,1,3,0
438121,13872,1,3,0
438121,39792,1,4,0
438121,870,1,3,0
438121,759,1,3,0
438121,5415,1,4,0
438121,14948,1,4,0
438121,5414,1,3,0
438121,12969,1,3,0
438121,22304,1,5,0
441190,941,1,5,0
441190,22426,1,4,0
441190,1123,1,5,0
441190,1218,1,4,0
441190,14812,1,4,0
441190,16298,1,5,0
441190,21682,1,4,0
441190,428,1,5,0
441190,423,1,4,0
441190,16570,1,5,0
441190,13119,1,4,0
441190,12923,1,3,0
441190,759,1,4,0
441190,71453,1,3,1
441190,1368,1,4,0
441190,142655,1,4,0
441190,1366,1,3,1
441190,17845,1,4,0
441190,40372,1,4,0
441597,104159,1,4,0
441597,27500,1,4,0
441597,23792,1,4,0
441597,5665,1,5,0
441597,44543,1,4,0
441597,2369,1,5,0
441597,218693,1,3,0
441597,43737,1,3,0
441597,10570,1,3,0
441597,61049,1,4,0
441597,941,1,5,0
441597,11339,1,3,0
441597,53179,1,5,0
441597,51606,1,5,0
441597,9553,1,3,0
441597,9752,1,4,0
441597,9961,1,4,0
441597,39795,1,3,0
441597,39796,1,4,0
441597,110871,1,4,0
441597,61043,1,3,0
441597,124474,1,3,0
441597,9439,1,3,0
441597,19534,1,4,0
441597,947007,1,5,0
441597,9438,1,3,0
441597,58764,1,4,0
